urlTema,imageSize,urlImagem
https://stecine.azureedge.net/repositorio/formas_de_energia/index.html,1649,https://stecine.azureedge.net/repositorio/formas_de_energia/img/modulo1/1.svg
https://stecine.azureedge.net/repositorio/formas_de_energia/index.html,1197,https://stecine.azureedge.net/repositorio/formas_de_energia/img/modulo1/cana1.svg
https://stecine.azureedge.net/repositorio/formas_de_energia/index.html,4328,https://stecine.azureedge.net/repositorio/formas_de_energia/img/modulo1/cana2.svg
https://stecine.azureedge.net/repositorio/formas_de_energia/index.html,961,https://stecine.azureedge.net/repositorio/formas_de_energia/img/modulo1/cana3.svg
https://stecine.azureedge.net/repositorio/formas_de_energia/index.html,1419,https://stecine.azureedge.net/repositorio/formas_de_energia/img/modulo1/cana4.svg
https://stecine.azureedge.net/repositorio/formas_de_energia/index.html,1201,https://stecine.azureedge.net/repositorio/formas_de_energia/img/modulo1/cana5.svg
https://stecine.azureedge.net/repositorio/formas_de_energia/index.html,861,https://stecine.azureedge.net/repositorio/formas_de_energia/img/modulo1/cana6.svg
https://stecine.azureedge.net/repositorio/formas_de_energia/index.html,844,https://stecine.azureedge.net/repositorio/formas_de_energia/img/modulo1/cana7.svg
https://stecine.azureedge.net/repositorio/formas_de_energia/index.html,1561,https://stecine.azureedge.net/repositorio/formas_de_energia/img/modulo1/cana8.svg
https://stecine.azureedge.net/repositorio/formas_de_energia/index.html,2004,https://stecine.azureedge.net/repositorio/formas_de_energia/img/modulo1/cana9.svg
https://stecine.azureedge.net/repositorio/formas_de_energia/index.html,1201,https://stecine.azureedge.net/repositorio/formas_de_energia/img/modulo1/cana10.svg
https://stecine.azureedge.net/repositorio/formas_de_energia/index.html,2327,https://stecine.azureedge.net/repositorio/formas_de_energia/img/modulo1/tipos-energia1.svg
https://stecine.azureedge.net/repositorio/formas_de_energia/index.html,7946,https://stecine.azureedge.net/repositorio/formas_de_energia/img/modulo1/tipos-energia6.svg
https://stecine.azureedge.net/repositorio/formas_de_energia/index.html,3425,https://stecine.azureedge.net/repositorio/formas_de_energia/img/modulo1/tipos-energia2.svg
https://stecine.azureedge.net/repositorio/formas_de_energia/index.html,2754,https://stecine.azureedge.net/repositorio/formas_de_energia/img/modulo1/tipos-energia3.svg
https://stecine.azureedge.net/repositorio/formas_de_energia/index.html,1514,https://stecine.azureedge.net/repositorio/formas_de_energia/img/modulo1/tipos-energia4.svg
https://stecine.azureedge.net/repositorio/formas_de_energia/index.html,4270,https://stecine.azureedge.net/repositorio/formas_de_energia/img/modulo1/tipos-energia5.svg
https://stecine.azureedge.net/repositorio/formas_de_energia/index.html,199027,https://stecine.azureedge.net/repositorio/formas_de_energia/img/modulo1/2.gif
https://stecine.azureedge.net/repositorio/formas_de_energia/index.html,129561,https://stecine.azureedge.net/repositorio/formas_de_energia/img/modulo1/3.gif
https://stecine.azureedge.net/repositorio/formas_de_energia/index.html,135328,https://stecine.azureedge.net/repositorio/formas_de_energia/img/modulo1/4.svg
https://stecine.azureedge.net/repositorio/formas_de_energia/index.html,77689,https://stecine.azureedge.net/repositorio/formas_de_energia/img/modulo1/10.gif
https://stecine.azureedge.net/repositorio/formas_de_energia/index.html,4460138,https://stecine.azureedge.net/repositorio/formas_de_energia/img/modulo1/13.gif
https://stecine.azureedge.net/repositorio/formas_de_energia/index.html,9725,https://stecine.azureedge.net/repositorio/formas_de_energia/img/modulo2/1.svg
https://stecine.azureedge.net/repositorio/formas_de_energia/index.html,13453,https://stecine.azureedge.net/repositorio/formas_de_energia/img/modulo2/2.svg
https://stecine.azureedge.net/repositorio/formas_de_energia/index.html,12755,https://stecine.azureedge.net/repositorio/formas_de_energia/img/modulo2/3.svg
https://stecine.azureedge.net/repositorio/formas_de_energia/index.html,18115658,https://stecine.azureedge.net/repositorio/formas_de_energia/img/modulo2/4.gif
https://stecine.azureedge.net/repositorio/formas_de_energia/index.html,58953,https://stecine.azureedge.net/repositorio/formas_de_energia/img/modulo2/6.svg
https://stecine.azureedge.net/repositorio/formas_de_energia/index.html,1411,https://stecine.azureedge.net/repositorio/formas_de_energia/img/modulo2/7-1.svg
https://stecine.azureedge.net/repositorio/formas_de_energia/index.html,1167,https://stecine.azureedge.net/repositorio/formas_de_energia/img/modulo2/7-2.svg
https://stecine.azureedge.net/repositorio/formas_de_energia/index.html,2825,https://stecine.azureedge.net/repositorio/formas_de_energia/img/modulo2/7-3.svg
https://stecine.azureedge.net/repositorio/formas_de_energia/index.html,50921,https://stecine.azureedge.net/repositorio/formas_de_energia/img/imagem_full_7.svg
https://stecine.azureedge.net/repositorio/formas_de_energia/index.html,10667811,https://stecine.azureedge.net/repositorio/formas_de_energia/img/modulo2/23.gif
https://stecine.azureedge.net/repositorio/formas_de_energia/index.html,576825,https://stecine.azureedge.net/repositorio/formas_de_energia/img/modulo2/27.gif
https://stecine.azureedge.net/repositorio/formas_de_energia/index.html,1718949,https://stecine.azureedge.net/repositorio/formas_de_energia/img/modulo2/31.gif
https://stecine.azureedge.net/repositorio/introducao_a_fisica_mecanica/index.html,4525682,https://stecine.azureedge.net/repositorio/introducao_a_fisica_mecanica/img/gifs/img12a.gif
https://stecine.azureedge.net/repositorio/introducao_a_fisica_mecanica/index.html,3215340,https://stecine.azureedge.net/repositorio/introducao_a_fisica_mecanica/img/gifs/img12b.gif
https://stecine.azureedge.net/repositorio/introducao_a_fisica_mecanica/index.html,117499,https://stecine.azureedge.net/repositorio/introducao_a_fisica_mecanica/img/gifs/img16a.gif
https://stecine.azureedge.net/repositorio/introducao_a_fisica_mecanica/index.html,937880,https://stecine.azureedge.net/repositorio/introducao_a_fisica_mecanica/img/gifs/img16b.gif
https://stecine.azureedge.net/repositorio/introducao_a_fisica_mecanica/index.html,191693,https://stecine.azureedge.net/repositorio/introducao_a_fisica_mecanica/img/gifs/img18a.jpg
https://stecine.azureedge.net/repositorio/introducao_a_fisica_mecanica/index.html,185784,https://stecine.azureedge.net/repositorio/introducao_a_fisica_mecanica/img/gifs/img18b.jpg
https://stecine.azureedge.net/repositorio/introducao_a_fisica_mecanica/index.html,22938,https://stecine.azureedge.net/repositorio/introducao_a_fisica_mecanica/img/gifs/img24a.gif
https://stecine.azureedge.net/repositorio/introducao_a_fisica_mecanica/index.html,538248,https://stecine.azureedge.net/repositorio/introducao_a_fisica_mecanica/img/gifs/img27a.gif
https://stecine.azureedge.net/repositorio/introducao_a_fisica_mecanica/index.html,538248,https://stecine.azureedge.net/repositorio/introducao_a_fisica_mecanica/img/gifs/img27a.gif
https://stecine.azureedge.net/repositorio/introducao_a_fisica_mecanica/index.html,14039,https://stecine.azureedge.net/repositorio/introducao_a_fisica_mecanica/img/gifs/img37a.gif
https://stecine.azureedge.net/repositorio/introducao_a_fisica_mecanica/index.html,7600,https://stecine.azureedge.net/repositorio/introducao_a_fisica_mecanica/img/locked.gif
https://stecine.azureedge.net/repositorio/introducao_a_fisica_mecanica/index.html,190858,https://stecine.azureedge.net/repositorio/introducao_a_fisica_mecanica/img/gifs/carro_animacao_2.gif
https://stecine.azureedge.net/repositorio/introducao_a_fisica_mecanica/index.html,7600,https://stecine.azureedge.net/repositorio/introducao_a_fisica_mecanica/img/locked.gif
https://stecine.azureedge.net/repositorio/introducao_a_fisica_mecanica/index.html,184377,https://stecine.azureedge.net/repositorio/introducao_a_fisica_mecanica/img/gifs/gif_bolinha.gif
https://stecine.azureedge.net/repositorio/introducao_a_fisica_mecanica/index.html,376393,https://stecine.azureedge.net/repositorio/introducao_a_fisica_mecanica/img/gifs/gif_torre.gif
https://stecine.azureedge.net/repositorio/introducao_a_fisica_mecanica/index.html,443704,https://stecine.azureedge.net/repositorio/introducao_a_fisica_mecanica/img/gifs/skate1_gif.gif
https://stecine.azureedge.net/repositorio/introducao_a_fisica_mecanica/index.html,165652,https://stecine.azureedge.net/repositorio/introducao_a_fisica_mecanica/img/gifs/skate1_gif_rteta.gif
https://stecine.azureedge.net/repositorio/introducao_a_fisica_mecanica/index.html,7600,https://stecine.azureedge.net/repositorio/introducao_a_fisica_mecanica/img/locked.gif
https://stecine.azureedge.net/repositorio/introducao_a_fisica_mecanica/index.html,89143,https://stecine.azureedge.net/repositorio/introducao_a_fisica_mecanica/img/gifs/gif_mola.gif
https://stecine.azureedge.net/repositorio/introducao_a_fisica_mecanica/index.html,7600,https://stecine.azureedge.net/repositorio/introducao_a_fisica_mecanica/img/locked.gif
https://stecine.azureedge.net/repositorio/especificidades_linguisticas_da_lingua_brasileira_de_sinais/index.html,0,https://stecine.azureedge.net/repositorio/especificidades_linguisticas_da_lingua_brasileira_de_sinais/img/gif_00.gif
https://stecine.azureedge.net/repositorio/especificidades_linguisticas_da_lingua_brasileira_de_sinais/index.html,2264824,https://stecine.azureedge.net/repositorio/especificidades_linguisticas_da_lingua_brasileira_de_sinais/img/gif_slider_01.gif
https://stecine.azureedge.net/repositorio/especificidades_linguisticas_da_lingua_brasileira_de_sinais/index.html,8063534,https://stecine.azureedge.net/repositorio/especificidades_linguisticas_da_lingua_brasileira_de_sinais/img/gif_slider_02.gif
https://stecine.azureedge.net/repositorio/especificidades_linguisticas_da_lingua_brasileira_de_sinais/index.html,3903399,https://stecine.azureedge.net/repositorio/especificidades_linguisticas_da_lingua_brasileira_de_sinais/img/gif_slider_03.gif
https://stecine.azureedge.net/repositorio/especificidades_linguisticas_da_lingua_brasileira_de_sinais/index.html,9812599,https://stecine.azureedge.net/repositorio/especificidades_linguisticas_da_lingua_brasileira_de_sinais/img/gif_slider_04.gif
https://stecine.azureedge.net/repositorio/especificidades_linguisticas_da_lingua_brasileira_de_sinais/index.html,5465596,https://stecine.azureedge.net/repositorio/especificidades_linguisticas_da_lingua_brasileira_de_sinais/img/gif_01.gif
https://stecine.azureedge.net/repositorio/especificidades_linguisticas_da_lingua_brasileira_de_sinais/index.html,2948252,https://stecine.azureedge.net/repositorio/especificidades_linguisticas_da_lingua_brasileira_de_sinais/img/gif_02.gif
https://stecine.azureedge.net/repositorio/especificidades_linguisticas_da_lingua_brasileira_de_sinais/index.html,10546475,https://stecine.azureedge.net/repositorio/especificidades_linguisticas_da_lingua_brasileira_de_sinais/img/gif_03.gif
https://stecine.azureedge.net/repositorio/especificidades_linguisticas_da_lingua_brasileira_de_sinais/index.html,11070274,https://stecine.azureedge.net/repositorio/especificidades_linguisticas_da_lingua_brasileira_de_sinais/img/gif_04.gif
https://stecine.azureedge.net/repositorio/especificidades_linguisticas_da_lingua_brasileira_de_sinais/index.html,11359688,https://stecine.azureedge.net/repositorio/especificidades_linguisticas_da_lingua_brasileira_de_sinais/img/gif_05.gif
https://stecine.azureedge.net/repositorio/especificidades_linguisticas_da_lingua_brasileira_de_sinais/index.html,12867507,https://stecine.azureedge.net/repositorio/especificidades_linguisticas_da_lingua_brasileira_de_sinais/img/gif_slider_05.gif
https://stecine.azureedge.net/repositorio/especificidades_linguisticas_da_lingua_brasileira_de_sinais/index.html,14024409,https://stecine.azureedge.net/repositorio/especificidades_linguisticas_da_lingua_brasileira_de_sinais/img/gif_slider_06.gif
https://stecine.azureedge.net/repositorio/especificidades_linguisticas_da_lingua_brasileira_de_sinais/index.html,18911167,https://stecine.azureedge.net/repositorio/especificidades_linguisticas_da_lingua_brasileira_de_sinais/img/gif_slider_07.gif
https://stecine.azureedge.net/repositorio/introducao_a_fisica_termica/index.html,194790,https://stecine.azureedge.net/repositorio/introducao_a_fisica_termica/img/header/logo_tema.gif
https://stecine.azureedge.net/repositorio/introducao_a_fisica_termica/index.html,1776,https://stecine.azureedge.net/repositorio/introducao_a_fisica_termica/img/teorianapratica.svg
https://stecine.azureedge.net/repositorio/introducao_a_fisica_termica/index.html,155323,https://stecine.azureedge.net/repositorio/introducao_a_fisica_termica/img/img-31.gif
https://stecine.azureedge.net/repositorio/introducao_a_fisica_termica/index.html,1776,https://stecine.azureedge.net/repositorio/introducao_a_fisica_termica/img/teorianapratica.svg
https://stecine.azureedge.net/repositorio/caracterizacao_dos_fungos/index.html,3085500,https://stecine.azureedge.net/repositorio/caracterizacao_dos_fungos/img/Bdna.gif
https://stecine.azureedge.net/repositorio/linguagem_funcoes_executivas_e_emocao/index.html,18079,https://stecine.azureedge.net/repositorio/linguagem_funcoes_executivas_e_emocao/img/s61.gif
https://stecine.azureedge.net/repositorio/pensamento_sistemico/index.html,880605,https://stecine.azureedge.net/repositorio/pensamento_sistemico/img/esqueminha.gif
https://stecine.azureedge.net/repositorio/pensamento_sistemico/index.html,358099,https://stecine.azureedge.net/repositorio/pensamento_sistemico/img/passo3.gif
https://stecine.azureedge.net/repositorio/pensamento_sistemico/index.html,881615,https://stecine.azureedge.net/repositorio/pensamento_sistemico/img/gif01.gif
https://stecine.azureedge.net/repositorio/introducao_a_biologia_molecular/index.html,3299170,https://stecine.azureedge.net/repositorio/introducao_a_biologia_molecular/img/figura8.gif
https://stecine.azureedge.net/repositorio/cultura_das_comunidades_sinalizantes/index.html,2059986,https://stecine.azureedge.net/repositorio/cultura_das_comunidades_sinalizantes/img/gif_00.gif
https://stecine.azureedge.net/repositorio/cultura_das_comunidades_sinalizantes/index.html,1006727,https://stecine.azureedge.net/repositorio/cultura_das_comunidades_sinalizantes/img/gif_01.gif
https://stecine.azureedge.net/repositorio/cultura_das_comunidades_sinalizantes/index.html,830345,https://stecine.azureedge.net/repositorio/cultura_das_comunidades_sinalizantes/img/gif_02.gif
https://stecine.azureedge.net/repositorio/cultura_das_comunidades_sinalizantes/index.html,845928,https://stecine.azureedge.net/repositorio/cultura_das_comunidades_sinalizantes/img/gif_03.gif
https://stecine.azureedge.net/repositorio/cultura_das_comunidades_sinalizantes/index.html,1084352,https://stecine.azureedge.net/repositorio/cultura_das_comunidades_sinalizantes/img/gif_04.gif
https://stecine.azureedge.net/repositorio/cultura_das_comunidades_sinalizantes/index.html,819640,https://stecine.azureedge.net/repositorio/cultura_das_comunidades_sinalizantes/img/gif_05.gif
https://stecine.azureedge.net/repositorio/cultura_das_comunidades_sinalizantes/index.html,1431332,https://stecine.azureedge.net/repositorio/cultura_das_comunidades_sinalizantes/img/gif_06.gif
https://stecine.azureedge.net/repositorio/cultura_das_comunidades_sinalizantes/index.html,1158559,https://stecine.azureedge.net/repositorio/cultura_das_comunidades_sinalizantes/img/gif_07.gif
https://stecine.azureedge.net/repositorio/introducao_a_quimica/index.html,1776,https://stecine.azureedge.net/repositorio/introducao_a_quimica/img/teorianapratica.svg
https://stecine.azureedge.net/repositorio/cinematica_de_galileu/index.html,41837,https://stecine.azureedge.net/repositorio/cinematica_de_galileu/img/header/capa_modulo1.svg
https://stecine.azureedge.net/repositorio/cinematica_de_galileu/index.html,29456,https://stecine.azureedge.net/repositorio/cinematica_de_galileu/img/figura3.svg
https://stecine.azureedge.net/repositorio/cinematica_de_galileu/index.html,10557,https://stecine.azureedge.net/repositorio/cinematica_de_galileu/img/caramujo.svg
https://stecine.azureedge.net/repositorio/cinematica_de_galileu/index.html,5671,https://stecine.azureedge.net/repositorio/cinematica_de_galileu/img/figura6.svg
https://stecine.azureedge.net/repositorio/cinematica_de_galileu/index.html,6606,https://stecine.azureedge.net/repositorio/cinematica_de_galileu/img/figura7.svg
https://stecine.azureedge.net/repositorio/cinematica_de_galileu/index.html,7458,https://stecine.azureedge.net/repositorio/cinematica_de_galileu/img/simulado-baixo.svg
https://stecine.azureedge.net/repositorio/cinematica_de_galileu/index.html,7512,https://stecine.azureedge.net/repositorio/cinematica_de_galileu/img/simulado-medio.svg
https://stecine.azureedge.net/repositorio/cinematica_de_galileu/index.html,7354,https://stecine.azureedge.net/repositorio/cinematica_de_galileu/img/simulado-alto.svg
https://stecine.azureedge.net/repositorio/cinematica_de_galileu/index.html,24652,https://stecine.azureedge.net/repositorio/cinematica_de_galileu/img/header/capa_modulo2.svg
https://stecine.azureedge.net/repositorio/cinematica_de_galileu/index.html,7779,https://stecine.azureedge.net/repositorio/cinematica_de_galileu/img/figura8.svg
https://stecine.azureedge.net/repositorio/cinematica_de_galileu/index.html,11350,https://stecine.azureedge.net/repositorio/cinematica_de_galileu/img/figura9.svg
https://stecine.azureedge.net/repositorio/cinematica_de_galileu/index.html,13455,https://stecine.azureedge.net/repositorio/cinematica_de_galileu/img/figura10.svg
https://stecine.azureedge.net/repositorio/cinematica_de_galileu/index.html,1705,https://stecine.azureedge.net/repositorio/cinematica_de_galileu/img/lebre.svg
https://stecine.azureedge.net/repositorio/cinematica_de_galileu/index.html,8413,https://stecine.azureedge.net/repositorio/cinematica_de_galileu/img/figura13.svg
https://stecine.azureedge.net/repositorio/cinematica_de_galileu/index.html,7458,https://stecine.azureedge.net/repositorio/cinematica_de_galileu/img/simulado-baixo.svg
https://stecine.azureedge.net/repositorio/cinematica_de_galileu/index.html,7512,https://stecine.azureedge.net/repositorio/cinematica_de_galileu/img/simulado-medio.svg
https://stecine.azureedge.net/repositorio/cinematica_de_galileu/index.html,7354,https://stecine.azureedge.net/repositorio/cinematica_de_galileu/img/simulado-alto.svg
https://stecine.azureedge.net/repositorio/cinematica_de_galileu/index.html,29625,https://stecine.azureedge.net/repositorio/cinematica_de_galileu/img/header/capa_modulo3.svg
https://stecine.azureedge.net/repositorio/cinematica_de_galileu/index.html,4550,https://stecine.azureedge.net/repositorio/cinematica_de_galileu/img/figura14a.svg
https://stecine.azureedge.net/repositorio/cinematica_de_galileu/index.html,4506,https://stecine.azureedge.net/repositorio/cinematica_de_galileu/img/figura14b.svg
https://stecine.azureedge.net/repositorio/cinematica_de_galileu/index.html,9831,https://stecine.azureedge.net/repositorio/cinematica_de_galileu/img/figura17a.svg
https://stecine.azureedge.net/repositorio/cinematica_de_galileu/index.html,9830,https://stecine.azureedge.net/repositorio/cinematica_de_galileu/img/figura17b.svg
https://stecine.azureedge.net/repositorio/cinematica_de_galileu/index.html,3414,https://stecine.azureedge.net/repositorio/cinematica_de_galileu/img/figura18a.svg
https://stecine.azureedge.net/repositorio/cinematica_de_galileu/index.html,3411,https://stecine.azureedge.net/repositorio/cinematica_de_galileu/img/figura18b.svg
https://stecine.azureedge.net/repositorio/cinematica_de_galileu/index.html,7458,https://stecine.azureedge.net/repositorio/cinematica_de_galileu/img/simulado-baixo.svg
https://stecine.azureedge.net/repositorio/cinematica_de_galileu/index.html,7512,https://stecine.azureedge.net/repositorio/cinematica_de_galileu/img/simulado-medio.svg
https://stecine.azureedge.net/repositorio/cinematica_de_galileu/index.html,7354,https://stecine.azureedge.net/repositorio/cinematica_de_galileu/img/simulado-alto.svg
https://stecine.azureedge.net/repositorio/cinematica_de_galileu/index.html,29323,https://stecine.azureedge.net/repositorio/cinematica_de_galileu/img/header/capa_modulo4.svg
https://stecine.azureedge.net/repositorio/cinematica_de_galileu/index.html,8851,https://stecine.azureedge.net/repositorio/cinematica_de_galileu/img/relogio.svg
https://stecine.azureedge.net/repositorio/cinematica_de_galileu/index.html,3695,https://stecine.azureedge.net/repositorio/cinematica_de_galileu/img/figura19.svg
https://stecine.azureedge.net/repositorio/cinematica_de_galileu/index.html,11313,https://stecine.azureedge.net/repositorio/cinematica_de_galileu/img/figura20.svg
https://stecine.azureedge.net/repositorio/cinematica_de_galileu/index.html,7458,https://stecine.azureedge.net/repositorio/cinematica_de_galileu/img/simulado-baixo.svg
https://stecine.azureedge.net/repositorio/cinematica_de_galileu/index.html,7512,https://stecine.azureedge.net/repositorio/cinematica_de_galileu/img/simulado-medio.svg
https://stecine.azureedge.net/repositorio/cinematica_de_galileu/index.html,7512,https://stecine.azureedge.net/repositorio/cinematica_de_galileu/img/simulado-medio.svg
https://stecine.azureedge.net/repositorio/cinematica_de_galileu/index.html,14651,https://stecine.azureedge.net/repositorio/cinematica_de_galileu/img/header/capa_conclusao.svg
https://stecine.azureedge.net/repositorio/01430/index.html,2916,https://stecine.azureedge.net/repositorio/01430/img/mao_na_massa_icon.svg
https://stecine.azureedge.net/repositorio/01430/index.html,1776,https://stecine.azureedge.net/repositorio/01430/img/teorianapratica.svg
https://stecine.azureedge.net/repositorio/01430/index.html,2916,https://stecine.azureedge.net/repositorio/01430/img/mao_na_massa_icon.svg
https://stecine.azureedge.net/repositorio/01430/index.html,1776,https://stecine.azureedge.net/repositorio/01430/img/teorianapratica.svg
https://stecine.azureedge.net/repositorio/01430/index.html,2916,https://stecine.azureedge.net/repositorio/01430/img/mao_na_massa_icon.svg
https://stecine.azureedge.net/repositorio/01430/index.html,1776,https://stecine.azureedge.net/repositorio/01430/img/teorianapratica.svg
https://stecine.azureedge.net/repositorio/01430/index.html,2916,https://stecine.azureedge.net/repositorio/01430/img/mao_na_massa_icon.svg
https://stecine.azureedge.net/repositorio/01430/index.html,1776,https://stecine.azureedge.net/repositorio/01430/img/teorianapratica.svg
https://stecine.azureedge.net/repositorio/educacao_contemporanea/index.html,658279,https://stecine.azureedge.net/repositorio/educacao_contemporanea/img/img38.gif
https://stecine.azureedge.net/repositorio/01692/index.html,136053,https://stecine.azureedge.net/repositorio/01692/img/ft_slider_13.gif
https://stecine.azureedge.net/repositorio/01692/index.html,1941808,https://stecine.azureedge.net/repositorio/01692/img/2.gif
https://stecine.azureedge.net/repositorio/01692/index.html,2467995,https://stecine.azureedge.net/repositorio/01692/img/5.gif
https://stecine.azureedge.net/repositorio/01692/index.html,1776,https://stecine.azureedge.net/repositorio/01692/img/teorianapratica.svg
https://stecine.azureedge.net/repositorio/01692/index.html,2916,https://stecine.azureedge.net/repositorio/01692/img/mao_na_massa_icon.svg
https://stecine.azureedge.net/repositorio/01692/index.html,1776,https://stecine.azureedge.net/repositorio/01692/img/teorianapratica.svg
https://stecine.azureedge.net/repositorio/01692/index.html,2916,https://stecine.azureedge.net/repositorio/01692/img/mao_na_massa_icon.svg
https://stecine.azureedge.net/repositorio/01692/index.html,1776,https://stecine.azureedge.net/repositorio/01692/img/teorianapratica.svg
https://stecine.azureedge.net/repositorio/01692/index.html,2916,https://stecine.azureedge.net/repositorio/01692/img/mao_na_massa_icon.svg
https://stecine.azureedge.net/repositorio/01335/index.html,2976,https://stecine.azureedge.net/repositorio/01335/img/mao_na_massa_icon.svg
https://stecine.azureedge.net/repositorio/01335/index.html,2976,https://stecine.azureedge.net/repositorio/01335/img/mao_na_massa_icon.svg
https://stecine.azureedge.net/repositorio/01335/index.html,2976,https://stecine.azureedge.net/repositorio/01335/img/mao_na_massa_icon.svg
https://stecine.azureedge.net/repositorio/fisiologia_do_sistema_digestorio/index.html,307708,https://stecine.azureedge.net/repositorio/fisiologia_do_sistema_digestorio/img/fig-02.gif
https://stecine.azureedge.net/repositorio/fisiologia_do_sistema_digestorio/index.html,183531,https://stecine.azureedge.net/repositorio/fisiologia_do_sistema_digestorio/img/fig-03.gif
https://stecine.azureedge.net/repositorio/fisiologia_do_sistema_digestorio/index.html,129987,https://stecine.azureedge.net/repositorio/fisiologia_do_sistema_digestorio/img/fig-04.gif
https://stecine.azureedge.net/repositorio/fisiologia_do_sistema_digestorio/index.html,128315,https://stecine.azureedge.net/repositorio/fisiologia_do_sistema_digestorio/img/fig-05.gif
https://stecine.azureedge.net/repositorio/fisiologia_do_sistema_digestorio/index.html,161198,https://stecine.azureedge.net/repositorio/fisiologia_do_sistema_digestorio/img/fig-06.gif
https://stecine.azureedge.net/repositorio/fisiologia_do_sistema_digestorio/index.html,76159,https://stecine.azureedge.net/repositorio/fisiologia_do_sistema_digestorio/img/fig-08.gif
https://stecine.azureedge.net/repositorio/fisiologia_do_sistema_digestorio/index.html,9786,https://stecine.azureedge.net/repositorio/fisiologia_do_sistema_digestorio/img/fig-09.gif
https://stecine.azureedge.net/repositorio/fisiologia_do_sistema_digestorio/index.html,9699,https://stecine.azureedge.net/repositorio/fisiologia_do_sistema_digestorio/img/fig-10.gif
https://stecine.azureedge.net/repositorio/fisiologia_do_sistema_digestorio/index.html,7856,https://stecine.azureedge.net/repositorio/fisiologia_do_sistema_digestorio/img/fig-11.gif
https://stecine.azureedge.net/repositorio/fisiologia_do_sistema_digestorio/index.html,77567,https://stecine.azureedge.net/repositorio/fisiologia_do_sistema_digestorio/img/fig-12.gif
https://stecine.azureedge.net/repositorio/fisiologia_do_sistema_digestorio/index.html,62335,https://stecine.azureedge.net/repositorio/fisiologia_do_sistema_digestorio/img/fig-13.gif
https://stecine.azureedge.net/repositorio/fisiologia_do_sistema_digestorio/index.html,68536,https://stecine.azureedge.net/repositorio/fisiologia_do_sistema_digestorio/img/fig-16.gif
https://stecine.azureedge.net/repositorio/fisiologia_do_sistema_digestorio/index.html,23309,https://stecine.azureedge.net/repositorio/fisiologia_do_sistema_digestorio/img/fig-19.gif
https://stecine.azureedge.net/repositorio/fisiologia_do_sistema_digestorio/index.html,49499,https://stecine.azureedge.net/repositorio/fisiologia_do_sistema_digestorio/img/fig-20.gif
https://stecine.azureedge.net/repositorio/fisiologia_do_sistema_digestorio/index.html,108616,https://stecine.azureedge.net/repositorio/fisiologia_do_sistema_digestorio/img/fig-21.gif
https://stecine.azureedge.net/repositorio/fisiologia_do_sistema_digestorio/index.html,82288,https://stecine.azureedge.net/repositorio/fisiologia_do_sistema_digestorio/img/fig-22.gif
https://stecine.azureedge.net/repositorio/fisiologia_do_sistema_digestorio/index.html,120866,https://stecine.azureedge.net/repositorio/fisiologia_do_sistema_digestorio/img/fig-23.gif
https://stecine.azureedge.net/repositorio/projeto_de_educacao_iluminista/index.html,4588,https://stecine.azureedge.net/repositorio/projeto_de_educacao_iluminista/img/linha.svg
https://stecine.azureedge.net/repositorio/projeto_de_educacao_iluminista/index.html,4588,https://stecine.azureedge.net/repositorio/projeto_de_educacao_iluminista/img/linha.svg
https://stecine.azureedge.net/repositorio/projeto_de_educacao_iluminista/index.html,9344,https://stecine.azureedge.net/repositorio/projeto_de_educacao_iluminista/img/mapa-n1.svg
https://stecine.azureedge.net/repositorio/projeto_de_educacao_iluminista/index.html,9337,https://stecine.azureedge.net/repositorio/projeto_de_educacao_iluminista/img/mapa-n2.svg
https://stecine.azureedge.net/repositorio/projeto_de_educacao_iluminista/index.html,9426,https://stecine.azureedge.net/repositorio/projeto_de_educacao_iluminista/img/mapa-n3.svg
https://stecine.azureedge.net/repositorio/projeto_de_educacao_iluminista/index.html,9078,https://stecine.azureedge.net/repositorio/projeto_de_educacao_iluminista/img/mapa-n4.svg
https://stecine.azureedge.net/repositorio/projeto_de_educacao_iluminista/index.html,37922,https://stecine.azureedge.net/repositorio/projeto_de_educacao_iluminista/img/de-olho-na-corte.svg
https://stecine.azureedge.net/repositorio/projeto_de_educacao_iluminista/index.html,9344,https://stecine.azureedge.net/repositorio/projeto_de_educacao_iluminista/img/mapa-n1.svg
https://stecine.azureedge.net/repositorio/projeto_de_educacao_iluminista/index.html,9337,https://stecine.azureedge.net/repositorio/projeto_de_educacao_iluminista/img/mapa-n2.svg
https://stecine.azureedge.net/repositorio/projeto_de_educacao_iluminista/index.html,9426,https://stecine.azureedge.net/repositorio/projeto_de_educacao_iluminista/img/mapa-n3.svg
https://stecine.azureedge.net/repositorio/projeto_de_educacao_iluminista/index.html,9078,https://stecine.azureedge.net/repositorio/projeto_de_educacao_iluminista/img/mapa-n4.svg
https://stecine.azureedge.net/repositorio/projeto_de_educacao_iluminista/index.html,9326,https://stecine.azureedge.net/repositorio/projeto_de_educacao_iluminista/img/mapa-n5.svg
https://stecine.azureedge.net/repositorio/projeto_de_educacao_iluminista/index.html,9380,https://stecine.azureedge.net/repositorio/projeto_de_educacao_iluminista/img/mapa-n6.svg
https://stecine.azureedge.net/repositorio/projeto_de_educacao_iluminista/index.html,145567,https://stecine.azureedge.net/repositorio/projeto_de_educacao_iluminista/img/livros.svg
https://stecine.azureedge.net/repositorio/projeto_de_educacao_iluminista/index.html,37922,https://stecine.azureedge.net/repositorio/projeto_de_educacao_iluminista/img/de-olho-na-corte.svg
https://stecine.azureedge.net/repositorio/projeto_de_educacao_iluminista/index.html,11423,https://stecine.azureedge.net/repositorio/projeto_de_educacao_iluminista/img/tempo-1808.svg
https://stecine.azureedge.net/repositorio/projeto_de_educacao_iluminista/index.html,11148,https://stecine.azureedge.net/repositorio/projeto_de_educacao_iluminista/img/tempo-1816.svg
https://stecine.azureedge.net/repositorio/projeto_de_educacao_iluminista/index.html,11473,https://stecine.azureedge.net/repositorio/projeto_de_educacao_iluminista/img/tempo-1818.svg
https://stecine.azureedge.net/repositorio/projeto_de_educacao_iluminista/index.html,11250,https://stecine.azureedge.net/repositorio/projeto_de_educacao_iluminista/img/tempo-1823.svg
https://stecine.azureedge.net/repositorio/projeto_de_educacao_iluminista/index.html,10942,https://stecine.azureedge.net/repositorio/projeto_de_educacao_iluminista/img/tempo-1824.svg
https://stecine.azureedge.net/repositorio/projeto_de_educacao_iluminista/index.html,11069,https://stecine.azureedge.net/repositorio/projeto_de_educacao_iluminista/img/tempo-1827.svg
https://stecine.azureedge.net/repositorio/projeto_de_educacao_iluminista/index.html,10662,https://stecine.azureedge.net/repositorio/projeto_de_educacao_iluminista/img/tempo-1834.svg
https://stecine.azureedge.net/repositorio/projeto_de_educacao_iluminista/index.html,11018,https://stecine.azureedge.net/repositorio/projeto_de_educacao_iluminista/img/tempo-1835.svg
https://stecine.azureedge.net/repositorio/projeto_de_educacao_iluminista/index.html,11065,https://stecine.azureedge.net/repositorio/projeto_de_educacao_iluminista/img/tempo-1836.svg
https://stecine.azureedge.net/repositorio/projeto_de_educacao_iluminista/index.html,11161,https://stecine.azureedge.net/repositorio/projeto_de_educacao_iluminista/img/tempo-1837.svg
https://stecine.azureedge.net/repositorio/fisiologia_do_sistema_cardiovascular/index.html,719105,https://stecine.azureedge.net/repositorio/fisiologia_do_sistema_cardiovascular/img/header/logo_tema.gif
https://stecine.azureedge.net/repositorio/01485/index.html,2916,https://stecine.azureedge.net/repositorio/01485/img/mao_na_massa_icon.svg
https://stecine.azureedge.net/repositorio/01485/index.html,1776,https://stecine.azureedge.net/repositorio/01485/img/teorianapratica.svg
https://stecine.azureedge.net/repositorio/01485/index.html,2916,https://stecine.azureedge.net/repositorio/01485/img/mao_na_massa_icon.svg
https://stecine.azureedge.net/repositorio/01485/index.html,1776,https://stecine.azureedge.net/repositorio/01485/img/teorianapratica.svg
https://stecine.azureedge.net/repositorio/01485/index.html,2916,https://stecine.azureedge.net/repositorio/01485/img/mao_na_massa_icon.svg
https://stecine.azureedge.net/repositorio/01485/index.html,1776,https://stecine.azureedge.net/repositorio/01485/img/teorianapratica.svg
https://stecine.azureedge.net/repositorio/empreendedorismo_e_inovacao/index.html,263981,https://stecine.azureedge.net/repositorio/empreendedorismo_e_inovacao/img/59.svg
https://stecine.azureedge.net/repositorio/empreendedorismo_e_inovacao/index.html,2718,https://stecine.azureedge.net/repositorio/empreendedorismo_e_inovacao/img/60a.svg
https://stecine.azureedge.net/repositorio/empreendedorismo_e_inovacao/index.html,5886,https://stecine.azureedge.net/repositorio/empreendedorismo_e_inovacao/img/60b.svg
https://stecine.azureedge.net/repositorio/graficos_e_interpretacoes_graficas/index.html,40369,https://stecine.azureedge.net/repositorio/graficos_e_interpretacoes_graficas/img/ft_base13.gif
https://stecine.azureedge.net/repositorio/graficos_e_interpretacoes_graficas/index.html,172106,https://stecine.azureedge.net/repositorio/graficos_e_interpretacoes_graficas/img/ft_base29.gif
https://stecine.azureedge.net/repositorio/graficos_e_interpretacoes_graficas/index.html,89388,https://stecine.azureedge.net/repositorio/graficos_e_interpretacoes_graficas/img/ft_base31.gif
https://stecine.azureedge.net/repositorio/o_projeto_de_engenharia/index.html,249269,https://stecine.azureedge.net/repositorio/o_projeto_de_engenharia/img/head.gif
https://stecine.azureedge.net/repositorio/o_projeto_de_engenharia/index.html,46739,https://stecine.azureedge.net/repositorio/o_projeto_de_engenharia/img/cube1.gif
https://stecine.azureedge.net/repositorio/o_projeto_de_engenharia/index.html,34479,https://stecine.azureedge.net/repositorio/o_projeto_de_engenharia/img/cube2.gif
https://stecine.azureedge.net/repositorio/o_projeto_de_engenharia/index.html,33761,https://stecine.azureedge.net/repositorio/o_projeto_de_engenharia/img/cube3.gif
https://stecine.azureedge.net/repositorio/atomos_elementos_e_tabela_periodica/index.html,176191,https://stecine.azureedge.net/repositorio/atomos_elementos_e_tabela_periodica/img/header/logo_tema.gif
https://stecine.azureedge.net/repositorio/atomos_elementos_e_tabela_periodica/index.html,59775,https://stecine.azureedge.net/repositorio/atomos_elementos_e_tabela_periodica/img/img-06.gif
https://stecine.azureedge.net/repositorio/teorias_aplicadas_em_contabilidade/index.html,2916,https://stecine.azureedge.net/repositorio/teorias_aplicadas_em_contabilidade/img/mao_na_massa_icon.svg
https://stecine.azureedge.net/repositorio/teorias_aplicadas_em_contabilidade/index.html,2916,https://stecine.azureedge.net/repositorio/teorias_aplicadas_em_contabilidade/img/mao_na_massa_icon.svg
https://stecine.azureedge.net/repositorio/o_projeto_de_engenharia/index.html,249269,https://stecine.azureedge.net/repositorio/o_projeto_de_engenharia/img/head.gif
https://stecine.azureedge.net/repositorio/o_projeto_de_engenharia/index.html,46739,https://stecine.azureedge.net/repositorio/o_projeto_de_engenharia/img/cube1.gif
https://stecine.azureedge.net/repositorio/o_projeto_de_engenharia/index.html,34479,https://stecine.azureedge.net/repositorio/o_projeto_de_engenharia/img/cube2.gif
https://stecine.azureedge.net/repositorio/o_projeto_de_engenharia/index.html,33761,https://stecine.azureedge.net/repositorio/o_projeto_de_engenharia/img/cube3.gif
https://stecine.azureedge.net/repositorio/graficos_e_interpretacoes_graficas/index.html,40369,https://stecine.azureedge.net/repositorio/graficos_e_interpretacoes_graficas/img/ft_base13.gif
https://stecine.azureedge.net/repositorio/graficos_e_interpretacoes_graficas/index.html,172106,https://stecine.azureedge.net/repositorio/graficos_e_interpretacoes_graficas/img/ft_base29.gif
https://stecine.azureedge.net/repositorio/graficos_e_interpretacoes_graficas/index.html,89388,https://stecine.azureedge.net/repositorio/graficos_e_interpretacoes_graficas/img/ft_base31.gif
https://stecine.azureedge.net/repositorio/empreendedorismo_e_inovacao/index.html,263981,https://stecine.azureedge.net/repositorio/empreendedorismo_e_inovacao/img/59.svg
https://stecine.azureedge.net/repositorio/empreendedorismo_e_inovacao/index.html,2718,https://stecine.azureedge.net/repositorio/empreendedorismo_e_inovacao/img/60a.svg
https://stecine.azureedge.net/repositorio/empreendedorismo_e_inovacao/index.html,5886,https://stecine.azureedge.net/repositorio/empreendedorismo_e_inovacao/img/60b.svg
https://stecine.azureedge.net/repositorio/gestao_avancada_da_organizacao/index.html,2770,https://stecine.azureedge.net/repositorio/gestao_avancada_da_organizacao/img/logo-deloitte.svg
https://stecine.azureedge.net/repositorio/gestao_avancada_da_organizacao/index.html,1808,https://stecine.azureedge.net/repositorio/gestao_avancada_da_organizacao/img/globalizacao1.svg
https://stecine.azureedge.net/repositorio/gestao_avancada_da_organizacao/index.html,1284,https://stecine.azureedge.net/repositorio/gestao_avancada_da_organizacao/img/globalizacao2.svg
https://stecine.azureedge.net/repositorio/gestao_avancada_da_organizacao/index.html,1437,https://stecine.azureedge.net/repositorio/gestao_avancada_da_organizacao/img/globalizacao3.svg
https://stecine.azureedge.net/repositorio/gestao_avancada_da_organizacao/index.html,1296,https://stecine.azureedge.net/repositorio/gestao_avancada_da_organizacao/img/globalizacao4.svg
https://stecine.azureedge.net/repositorio/gestao_avancada_da_organizacao/index.html,1516,https://stecine.azureedge.net/repositorio/gestao_avancada_da_organizacao/img/globalizacao5.svg
https://stecine.azureedge.net/repositorio/gestao_avancada_da_organizacao/index.html,1267,https://stecine.azureedge.net/repositorio/gestao_avancada_da_organizacao/img/check.svg
https://stecine.azureedge.net/repositorio/gestao_avancada_da_organizacao/index.html,1267,https://stecine.azureedge.net/repositorio/gestao_avancada_da_organizacao/img/check.svg
https://stecine.azureedge.net/repositorio/gestao_avancada_da_organizacao/index.html,1267,https://stecine.azureedge.net/repositorio/gestao_avancada_da_organizacao/img/check.svg
https://stecine.azureedge.net/repositorio/gestao_avancada_da_organizacao/index.html,1267,https://stecine.azureedge.net/repositorio/gestao_avancada_da_organizacao/img/check.svg
https://stecine.azureedge.net/repositorio/gestao_avancada_da_organizacao/index.html,1267,https://stecine.azureedge.net/repositorio/gestao_avancada_da_organizacao/img/check.svg
https://stecine.azureedge.net/repositorio/gestao_avancada_da_organizacao/index.html,1267,https://stecine.azureedge.net/repositorio/gestao_avancada_da_organizacao/img/check.svg
https://stecine.azureedge.net/repositorio/gestao_avancada_da_organizacao/index.html,3864,https://stecine.azureedge.net/repositorio/gestao_avancada_da_organizacao/img/logo-spotify.svg
https://stecine.azureedge.net/repositorio/gestao_avancada_da_organizacao/index.html,1328,https://stecine.azureedge.net/repositorio/gestao_avancada_da_organizacao/img/erro.svg
https://stecine.azureedge.net/repositorio/gestao_avancada_da_organizacao/index.html,1328,https://stecine.azureedge.net/repositorio/gestao_avancada_da_organizacao/img/erro.svg
https://stecine.azureedge.net/repositorio/gestao_avancada_da_organizacao/index.html,1328,https://stecine.azureedge.net/repositorio/gestao_avancada_da_organizacao/img/erro.svg
https://stecine.azureedge.net/repositorio/gestao_avancada_da_organizacao/index.html,1328,https://stecine.azureedge.net/repositorio/gestao_avancada_da_organizacao/img/erro.svg
https://stecine.azureedge.net/repositorio/gestao_avancada_da_organizacao/index.html,2539,https://stecine.azureedge.net/repositorio/gestao_avancada_da_organizacao/img/logo-netflix.svg
https://stecine.azureedge.net/repositorio/gestao_avancada_da_organizacao/index.html,1753,https://stecine.azureedge.net/repositorio/gestao_avancada_da_organizacao/img/modal-adp.svg
https://stecine.azureedge.net/repositorio/gestao_avancada_da_organizacao/index.html,40675,https://stecine.azureedge.net/repositorio/gestao_avancada_da_organizacao/img/full-sustentabilidade.svg
https://stecine.azureedge.net/repositorio/gestao_avancada_da_organizacao/index.html,13203,https://stecine.azureedge.net/repositorio/gestao_avancada_da_organizacao/img/perguntas.svg
https://stecine.azureedge.net/repositorio/gestao_avancada_da_organizacao/index.html,3602,https://stecine.azureedge.net/repositorio/gestao_avancada_da_organizacao/img/logo-natura.svg
https://stecine.azureedge.net/repositorio/gestao_avancada_da_organizacao/index.html,6193,https://stecine.azureedge.net/repositorio/gestao_avancada_da_organizacao/img/logo-ethos.svg
https://stecine.azureedge.net/repositorio/gestao_avancada_da_organizacao/index.html,13203,https://stecine.azureedge.net/repositorio/gestao_avancada_da_organizacao/img/perguntas.svg
https://stecine.azureedge.net/repositorio/gestao_avancada_da_organizacao/index.html,2434,https://stecine.azureedge.net/repositorio/gestao_avancada_da_organizacao/img/logo-samsung.svg
https://stecine.azureedge.net/repositorio/gestao_avancada_da_organizacao/index.html,10905,https://stecine.azureedge.net/repositorio/gestao_avancada_da_organizacao/img/ODS1.svg
https://stecine.azureedge.net/repositorio/gestao_avancada_da_organizacao/index.html,8384,https://stecine.azureedge.net/repositorio/gestao_avancada_da_organizacao/img/ODS2.svg
https://stecine.azureedge.net/repositorio/gestao_avancada_da_organizacao/index.html,5334,https://stecine.azureedge.net/repositorio/gestao_avancada_da_organizacao/img/ODS3.svg
https://stecine.azureedge.net/repositorio/gestao_avancada_da_organizacao/index.html,6141,https://stecine.azureedge.net/repositorio/gestao_avancada_da_organizacao/img/ODS4.svg
https://stecine.azureedge.net/repositorio/gestao_avancada_da_organizacao/index.html,5819,https://stecine.azureedge.net/repositorio/gestao_avancada_da_organizacao/img/ODS5.svg
https://stecine.azureedge.net/repositorio/gestao_avancada_da_organizacao/index.html,5906,https://stecine.azureedge.net/repositorio/gestao_avancada_da_organizacao/img/ODS6.svg
https://stecine.azureedge.net/repositorio/gestao_avancada_da_organizacao/index.html,8704,https://stecine.azureedge.net/repositorio/gestao_avancada_da_organizacao/img/ODS7.svg
https://stecine.azureedge.net/repositorio/gestao_avancada_da_organizacao/index.html,10180,https://stecine.azureedge.net/repositorio/gestao_avancada_da_organizacao/img/ODS8.svg
https://stecine.azureedge.net/repositorio/gestao_avancada_da_organizacao/index.html,8963,https://stecine.azureedge.net/repositorio/gestao_avancada_da_organizacao/img/ODS9.svg
https://stecine.azureedge.net/repositorio/gestao_avancada_da_organizacao/index.html,7944,https://stecine.azureedge.net/repositorio/gestao_avancada_da_organizacao/img/ODS10.svg
https://stecine.azureedge.net/repositorio/gestao_avancada_da_organizacao/index.html,13532,https://stecine.azureedge.net/repositorio/gestao_avancada_da_organizacao/img/ODS11.svg
https://stecine.azureedge.net/repositorio/gestao_avancada_da_organizacao/index.html,9748,https://stecine.azureedge.net/repositorio/gestao_avancada_da_organizacao/img/ODS12.svg
https://stecine.azureedge.net/repositorio/gestao_avancada_da_organizacao/index.html,11780,https://stecine.azureedge.net/repositorio/gestao_avancada_da_organizacao/img/ODS13.svg
https://stecine.azureedge.net/repositorio/gestao_avancada_da_organizacao/index.html,5751,https://stecine.azureedge.net/repositorio/gestao_avancada_da_organizacao/img/ODS14.svg
https://stecine.azureedge.net/repositorio/gestao_avancada_da_organizacao/index.html,6856,https://stecine.azureedge.net/repositorio/gestao_avancada_da_organizacao/img/ODS15.svg
https://stecine.azureedge.net/repositorio/gestao_avancada_da_organizacao/index.html,10736,https://stecine.azureedge.net/repositorio/gestao_avancada_da_organizacao/img/ODS16.svg
https://stecine.azureedge.net/repositorio/gestao_avancada_da_organizacao/index.html,9074,https://stecine.azureedge.net/repositorio/gestao_avancada_da_organizacao/img/ODS17.svg
https://stecine.azureedge.net/repositorio/gestao_avancada_da_organizacao/index.html,40877,https://stecine.azureedge.net/repositorio/gestao_avancada_da_organizacao/img/ODS.svg
https://stecine.azureedge.net/repositorio/gestao_avancada_da_organizacao/index.html,22470,https://stecine.azureedge.net/repositorio/gestao_avancada_da_organizacao/img/modal-onu.svg
https://stecine.azureedge.net/repositorio/dificuldades_gramaticais/index.html,1321,https://stecine.azureedge.net/repositorio/dificuldades_gramaticais/img/icone-comunicado1.svg
https://stecine.azureedge.net/repositorio/dificuldades_gramaticais/index.html,1704,https://stecine.azureedge.net/repositorio/dificuldades_gramaticais/img/icone-comunicado2.svg
https://stecine.azureedge.net/repositorio/aplicacoes/index.html,2916,https://stecine.azureedge.net/repositorio/aplicacoes/img/mao_na_massa_icon.svg
https://stecine.azureedge.net/repositorio/aplicacoes/index.html,2916,https://stecine.azureedge.net/repositorio/aplicacoes/img/mao_na_massa_icon.svg
https://stecine.azureedge.net/repositorio/aplicacoes/index.html,1776,https://stecine.azureedge.net/repositorio/aplicacoes/img/teorianapratica.svg
https://stecine.azureedge.net/repositorio/aplicacoes/index.html,1776,https://stecine.azureedge.net/repositorio/aplicacoes/img/teorianapratica.svg
https://stecine.azureedge.net/repositorio/aplicacoes/index.html,2916,https://stecine.azureedge.net/repositorio/aplicacoes/img/mao_na_massa_icon.svg
https://stecine.azureedge.net/repositorio/aplicacoes/index.html,2916,https://stecine.azureedge.net/repositorio/aplicacoes/img/mao_na_massa_icon.svg
https://stecine.azureedge.net/repositorio/aplicacoes/index.html,1776,https://stecine.azureedge.net/repositorio/aplicacoes/img/teorianapratica.svg
https://stecine.azureedge.net/repositorio/aplicacoes/index.html,1776,https://stecine.azureedge.net/repositorio/aplicacoes/img/teorianapratica.svg
https://stecine.azureedge.net/repositorio/aplicacoes/index.html,2916,https://stecine.azureedge.net/repositorio/aplicacoes/img/mao_na_massa_icon.svg
https://stecine.azureedge.net/repositorio/aplicacoes/index.html,2916,https://stecine.azureedge.net/repositorio/aplicacoes/img/mao_na_massa_icon.svg
https://stecine.azureedge.net/repositorio/aplicacoes/index.html,1776,https://stecine.azureedge.net/repositorio/aplicacoes/img/teorianapratica.svg
https://stecine.azureedge.net/repositorio/aplicacoes/index.html,1776,https://stecine.azureedge.net/repositorio/aplicacoes/img/teorianapratica.svg
https://stecine.azureedge.net/repositorio/aplicacoes/index.html,2916,https://stecine.azureedge.net/repositorio/aplicacoes/img/mao_na_massa_icon.svg
https://stecine.azureedge.net/repositorio/aplicacoes/index.html,2916,https://stecine.azureedge.net/repositorio/aplicacoes/img/mao_na_massa_icon.svg
https://stecine.azureedge.net/repositorio/aplicacoes/index.html,1776,https://stecine.azureedge.net/repositorio/aplicacoes/img/teorianapratica.svg
https://stecine.azureedge.net/repositorio/aplicacoes/index.html,1776,https://stecine.azureedge.net/repositorio/aplicacoes/img/teorianapratica.svg
https://stecine.azureedge.net/repositorio/vulnerabilidade_e_sociedade/index.html,32952,https://stecine.azureedge.net/repositorio/vulnerabilidade_e_sociedade/img/grafico-1.svg
https://stecine.azureedge.net/repositorio/vulnerabilidade_e_sociedade/index.html,32012,https://stecine.azureedge.net/repositorio/vulnerabilidade_e_sociedade/img/grafico-2.svg
https://stecine.azureedge.net/repositorio/01306/index.html,2916,https://stecine.azureedge.net/repositorio/01306/img/mao_na_massa_icon.svg
https://stecine.azureedge.net/repositorio/01306/index.html,1776,https://stecine.azureedge.net/repositorio/01306/img/teorianapratica.svg
https://stecine.azureedge.net/repositorio/01306/index.html,2916,https://stecine.azureedge.net/repositorio/01306/img/mao_na_massa_icon.svg
https://stecine.azureedge.net/repositorio/01306/index.html,1776,https://stecine.azureedge.net/repositorio/01306/img/teorianapratica.svg
https://stecine.azureedge.net/repositorio/o_cotidiano_do_gestor/index.html,73219,https://stecine.azureedge.net/repositorio/o_cotidiano_do_gestor/img/engrenagem.gif
https://stecine.azureedge.net/repositorio/01772/index.html,2655,https://stecine.azureedge.net/repositorio/01772/img/mao_na_massa_icon.svg
https://stecine.azureedge.net/repositorio/01772/index.html,2655,https://stecine.azureedge.net/repositorio/01772/img/mao_na_massa_icon.svg
https://stecine.azureedge.net/repositorio/introducao_a_mecanica_dos_fluidos/index.html,1776,https://stecine.azureedge.net/repositorio/introducao_a_mecanica_dos_fluidos/img/teorianapratica.svg
https://stecine.azureedge.net/repositorio/introducao_a_mecanica_dos_fluidos/index.html,2916,https://stecine.azureedge.net/repositorio/introducao_a_mecanica_dos_fluidos/img/mao_na_massa_icon.svg
https://stecine.azureedge.net/repositorio/introducao_a_mecanica_dos_fluidos/index.html,1776,https://stecine.azureedge.net/repositorio/introducao_a_mecanica_dos_fluidos/img/teorianapratica.svg
https://stecine.azureedge.net/repositorio/introducao_a_mecanica_dos_fluidos/index.html,2916,https://stecine.azureedge.net/repositorio/introducao_a_mecanica_dos_fluidos/img/mao_na_massa_icon.svg
https://stecine.azureedge.net/repositorio/introducao_a_mecanica_dos_fluidos/index.html,1776,https://stecine.azureedge.net/repositorio/introducao_a_mecanica_dos_fluidos/img/teorianapratica.svg
https://stecine.azureedge.net/repositorio/introducao_a_mecanica_dos_fluidos/index.html,2916,https://stecine.azureedge.net/repositorio/introducao_a_mecanica_dos_fluidos/img/mao_na_massa_icon.svg
https://stecine.azureedge.net/repositorio/introducao_a_mecanica_dos_fluidos/index.html,1776,https://stecine.azureedge.net/repositorio/introducao_a_mecanica_dos_fluidos/img/teorianapratica.svg
https://stecine.azureedge.net/repositorio/introducao_a_mecanica_dos_fluidos/index.html,2916,https://stecine.azureedge.net/repositorio/introducao_a_mecanica_dos_fluidos/img/mao_na_massa_icon.svg
https://stecine.azureedge.net/repositorio/01550/index.html,572,https://stecine.azureedge.net/repositorio/01550/img/separador_intro.svg
https://stecine.azureedge.net/repositorio/01550/index.html,585,https://stecine.azureedge.net/repositorio/01550/img/separador_video.svg
https://stecine.azureedge.net/repositorio/01550/index.html,575,https://stecine.azureedge.net/repositorio/01550/img/separador_video_bottom.svg
https://stecine.azureedge.net/repositorio/01550/index.html,572,https://stecine.azureedge.net/repositorio/01550/img/separador_light.svg
https://stecine.azureedge.net/repositorio/01550/index.html,6685,https://stecine.azureedge.net/repositorio/01550/img/icone-licao.svg
https://stecine.azureedge.net/repositorio/01550/index.html,6685,https://stecine.azureedge.net/repositorio/01550/img/icone-licao.svg
https://stecine.azureedge.net/repositorio/01550/index.html,573,https://stecine.azureedge.net/repositorio/01550/img/separador_light_bottom.svg
https://stecine.azureedge.net/repositorio/01550/index.html,563,https://stecine.azureedge.net/repositorio/01550/img/separador_teoria.svg
https://stecine.azureedge.net/repositorio/01550/index.html,70552,https://stecine.azureedge.net/repositorio/01550/img/tnp1_4.svg
https://stecine.azureedge.net/repositorio/01550/index.html,575,https://stecine.azureedge.net/repositorio/01550/img/separador_video_bottom.svg
https://stecine.azureedge.net/repositorio/01550/index.html,40529,https://stecine.azureedge.net/repositorio/01550/img/ambiencia_fluida.svg
https://stecine.azureedge.net/repositorio/01550/index.html,571,https://stecine.azureedge.net/repositorio/01550/img/separador_verificando.svg
https://stecine.azureedge.net/repositorio/01550/index.html,575,https://stecine.azureedge.net/repositorio/01550/img/separador_video_bottom.svg
https://stecine.azureedge.net/repositorio/01550/index.html,24223,https://stecine.azureedge.net/repositorio/01550/img/img8.svg
https://stecine.azureedge.net/repositorio/01550/index.html,563,https://stecine.azureedge.net/repositorio/01550/img/separador_teoria.svg
https://stecine.azureedge.net/repositorio/01550/index.html,575,https://stecine.azureedge.net/repositorio/01550/img/separador_video_bottom.svg
https://stecine.azureedge.net/repositorio/01550/index.html,585,https://stecine.azureedge.net/repositorio/01550/img/separador_video.svg
https://stecine.azureedge.net/repositorio/01550/index.html,575,https://stecine.azureedge.net/repositorio/01550/img/separador_video_bottom.svg
https://stecine.azureedge.net/repositorio/01550/index.html,572,https://stecine.azureedge.net/repositorio/01550/img/separador_intro.svg
https://stecine.azureedge.net/repositorio/01550/index.html,573,https://stecine.azureedge.net/repositorio/01550/img/separador_intro_bottom.svg
https://stecine.azureedge.net/repositorio/01550/index.html,63899,https://stecine.azureedge.net/repositorio/01550/img/tnp2_2.svg
https://stecine.azureedge.net/repositorio/01550/index.html,575,https://stecine.azureedge.net/repositorio/01550/img/separador_video_bottom.svg
https://stecine.azureedge.net/repositorio/01550/index.html,585,https://stecine.azureedge.net/repositorio/01550/img/separador_video.svg
https://stecine.azureedge.net/repositorio/01550/index.html,575,https://stecine.azureedge.net/repositorio/01550/img/separador_video_bottom.svg
https://stecine.azureedge.net/repositorio/01550/index.html,572,https://stecine.azureedge.net/repositorio/01550/img/separador_light.svg
https://stecine.azureedge.net/repositorio/01550/index.html,5315,https://stecine.azureedge.net/repositorio/01550/img/icone-videoaula.svg
https://stecine.azureedge.net/repositorio/01550/index.html,6538,https://stecine.azureedge.net/repositorio/01550/img/icone-audioaula.svg
https://stecine.azureedge.net/repositorio/01550/index.html,5384,https://stecine.azureedge.net/repositorio/01550/img/icone-jogos.svg
https://stecine.azureedge.net/repositorio/01550/index.html,573,https://stecine.azureedge.net/repositorio/01550/img/separador_light_bottom.svg
https://stecine.azureedge.net/repositorio/01550/index.html,563,https://stecine.azureedge.net/repositorio/01550/img/separador_teoria.svg
https://stecine.azureedge.net/repositorio/01550/index.html,108226,https://stecine.azureedge.net/repositorio/01550/img/tnp3_1.svg
https://stecine.azureedge.net/repositorio/01550/index.html,572,https://stecine.azureedge.net/repositorio/01550/img/separador_pod.svg
https://stecine.azureedge.net/repositorio/movimentos_da_psicologia_no_seculo_xx/index.html,28635,https://stecine.azureedge.net/repositorio/movimentos_da_psicologia_no_seculo_xx/img/Lilac-Chaser.gif
https://stecine.azureedge.net/repositorio/movimentos_da_psicologia_no_seculo_xx/index.html,1386,https://stecine.azureedge.net/repositorio/movimentos_da_psicologia_no_seculo_xx/img/ft_base64-1.svg
https://stecine.azureedge.net/repositorio/movimentos_da_psicologia_no_seculo_xx/index.html,1386,https://stecine.azureedge.net/repositorio/movimentos_da_psicologia_no_seculo_xx/img/ft_base64-1.svg
https://stecine.azureedge.net/repositorio/movimentos_da_psicologia_no_seculo_xx/index.html,1386,https://stecine.azureedge.net/repositorio/movimentos_da_psicologia_no_seculo_xx/img/ft_base64-1.svg
https://stecine.azureedge.net/repositorio/movimentos_da_psicologia_no_seculo_xx/index.html,89524,https://stecine.azureedge.net/repositorio/movimentos_da_psicologia_no_seculo_xx/img/img5.svg
https://stecine.azureedge.net/repositorio/movimentos_da_psicologia_no_seculo_xx/index.html,89516,https://stecine.azureedge.net/repositorio/movimentos_da_psicologia_no_seculo_xx/img/img5-mobile.svg
https://stecine.azureedge.net/repositorio/01366/index.html,74613,https://stecine.azureedge.net/repositorio/01366/img/digrama-01.gif
https://stecine.azureedge.net/repositorio/01366/index.html,17019,https://stecine.azureedge.net/repositorio/01366/img/digrama-02.gif
https://stecine.azureedge.net/repositorio/01366/index.html,79494,https://stecine.azureedge.net/repositorio/01366/img/digrama-03.gif
https://stecine.azureedge.net/repositorio/conceito_de_didatica_e_suas_origens/index.html,12773,https://stecine.azureedge.net/repositorio/conceito_de_didatica_e_suas_origens/img/podcast.gif
https://stecine.azureedge.net/repositorio/sensacao_atencao_memoria_integracao_sensorio_motora/index.html,0,https://stecine.azureedge.net/repositorio/sensacao_atencao_memoria_integracao_sensorio_motora/img/img01.svg
https://stecine.azureedge.net/repositorio/topicos_atuais_em_comportamento_do_consumidor/index.html,626,https://stecine.azureedge.net/repositorio/topicos_atuais_em_comportamento_do_consumidor/img/img13.svg
https://stecine.azureedge.net/repositorio/topicos_atuais_em_comportamento_do_consumidor/index.html,933,https://stecine.azureedge.net/repositorio/topicos_atuais_em_comportamento_do_consumidor/img/img14.svg
https://stecine.azureedge.net/repositorio/limite_conceitos_propriedades_e_exemplos/index.html,45470,https://stecine.azureedge.net/repositorio/limite_conceitos_propriedades_e_exemplos/img/header/logo_tema.svg
https://stecine.azureedge.net/repositorio/limite_conceitos_propriedades_e_exemplos/index.html,10160,https://stecine.azureedge.net/repositorio/limite_conceitos_propriedades_e_exemplos/img/grafico1.svg
https://stecine.azureedge.net/repositorio/limite_conceitos_propriedades_e_exemplos/index.html,3510,https://stecine.azureedge.net/repositorio/limite_conceitos_propriedades_e_exemplos/img/grafico2.svg
https://stecine.azureedge.net/repositorio/limite_conceitos_propriedades_e_exemplos/index.html,3508,https://stecine.azureedge.net/repositorio/limite_conceitos_propriedades_e_exemplos/img/grafico3.svg
https://stecine.azureedge.net/repositorio/limite_conceitos_propriedades_e_exemplos/index.html,8539,https://stecine.azureedge.net/repositorio/limite_conceitos_propriedades_e_exemplos/img/grafico4.svg
https://stecine.azureedge.net/repositorio/limite_conceitos_propriedades_e_exemplos/index.html,11164,https://stecine.azureedge.net/repositorio/limite_conceitos_propriedades_e_exemplos/img/grafico5.svg
https://stecine.azureedge.net/repositorio/limite_conceitos_propriedades_e_exemplos/index.html,1776,https://stecine.azureedge.net/repositorio/limite_conceitos_propriedades_e_exemplos/img/teorianapratica.svg
https://stecine.azureedge.net/repositorio/limite_conceitos_propriedades_e_exemplos/index.html,10797,https://stecine.azureedge.net/repositorio/limite_conceitos_propriedades_e_exemplos/img/grafico6.svg
https://stecine.azureedge.net/repositorio/limite_conceitos_propriedades_e_exemplos/index.html,1776,https://stecine.azureedge.net/repositorio/limite_conceitos_propriedades_e_exemplos/img/teorianapratica.svg
https://stecine.azureedge.net/repositorio/limite_conceitos_propriedades_e_exemplos/index.html,12534,https://stecine.azureedge.net/repositorio/limite_conceitos_propriedades_e_exemplos/img/grafico7.svg
https://stecine.azureedge.net/repositorio/limite_conceitos_propriedades_e_exemplos/index.html,30737,https://stecine.azureedge.net/repositorio/limite_conceitos_propriedades_e_exemplos/img/grafico8.svg
https://stecine.azureedge.net/repositorio/limite_conceitos_propriedades_e_exemplos/index.html,1776,https://stecine.azureedge.net/repositorio/limite_conceitos_propriedades_e_exemplos/img/teorianapratica.svg
https://stecine.azureedge.net/repositorio/limite_conceitos_propriedades_e_exemplos/index.html,1776,https://stecine.azureedge.net/repositorio/limite_conceitos_propriedades_e_exemplos/img/teorianapratica.svg
https://stecine.azureedge.net/repositorio/limite_conceitos_propriedades_e_exemplos/index.html,16828,https://stecine.azureedge.net/repositorio/limite_conceitos_propriedades_e_exemplos/img/grafico9.svg
https://stecine.azureedge.net/repositorio/limite_conceitos_propriedades_e_exemplos/index.html,100541,https://stecine.azureedge.net/repositorio/limite_conceitos_propriedades_e_exemplos/img/grafico10.svg
https://stecine.azureedge.net/repositorio/limite_conceitos_propriedades_e_exemplos/index.html,20097,https://stecine.azureedge.net/repositorio/limite_conceitos_propriedades_e_exemplos/img/grafico11.svg
https://stecine.azureedge.net/repositorio/limite_conceitos_propriedades_e_exemplos/index.html,2916,https://stecine.azureedge.net/repositorio/limite_conceitos_propriedades_e_exemplos/img/mao_na_massa_icon.svg
https://stecine.azureedge.net/repositorio/limite_conceitos_propriedades_e_exemplos/index.html,30737,https://stecine.azureedge.net/repositorio/limite_conceitos_propriedades_e_exemplos/img/grafico8.svg
https://stecine.azureedge.net/repositorio/limite_conceitos_propriedades_e_exemplos/index.html,7968,https://stecine.azureedge.net/repositorio/limite_conceitos_propriedades_e_exemplos/img/grafico14.svg
https://stecine.azureedge.net/repositorio/limite_conceitos_propriedades_e_exemplos/index.html,13458,https://stecine.azureedge.net/repositorio/limite_conceitos_propriedades_e_exemplos/img/grafico15.svg
https://stecine.azureedge.net/repositorio/limite_conceitos_propriedades_e_exemplos/index.html,1776,https://stecine.azureedge.net/repositorio/limite_conceitos_propriedades_e_exemplos/img/teorianapratica.svg
https://stecine.azureedge.net/repositorio/limite_conceitos_propriedades_e_exemplos/index.html,1776,https://stecine.azureedge.net/repositorio/limite_conceitos_propriedades_e_exemplos/img/teorianapratica.svg
https://stecine.azureedge.net/repositorio/limite_conceitos_propriedades_e_exemplos/index.html,1776,https://stecine.azureedge.net/repositorio/limite_conceitos_propriedades_e_exemplos/img/teorianapratica.svg
https://stecine.azureedge.net/repositorio/limite_conceitos_propriedades_e_exemplos/index.html,1776,https://stecine.azureedge.net/repositorio/limite_conceitos_propriedades_e_exemplos/img/teorianapratica.svg
https://stecine.azureedge.net/repositorio/limite_conceitos_propriedades_e_exemplos/index.html,1776,https://stecine.azureedge.net/repositorio/limite_conceitos_propriedades_e_exemplos/img/teorianapratica.svg
https://stecine.azureedge.net/repositorio/limite_conceitos_propriedades_e_exemplos/index.html,1776,https://stecine.azureedge.net/repositorio/limite_conceitos_propriedades_e_exemplos/img/teorianapratica.svg
https://stecine.azureedge.net/repositorio/limite_conceitos_propriedades_e_exemplos/index.html,1776,https://stecine.azureedge.net/repositorio/limite_conceitos_propriedades_e_exemplos/img/teorianapratica.svg
https://stecine.azureedge.net/repositorio/limite_conceitos_propriedades_e_exemplos/index.html,10638,https://stecine.azureedge.net/repositorio/limite_conceitos_propriedades_e_exemplos/img/grafico16.svg
https://stecine.azureedge.net/repositorio/limite_conceitos_propriedades_e_exemplos/index.html,1776,https://stecine.azureedge.net/repositorio/limite_conceitos_propriedades_e_exemplos/img/teorianapratica.svg
https://stecine.azureedge.net/repositorio/limite_conceitos_propriedades_e_exemplos/index.html,3488,https://stecine.azureedge.net/repositorio/limite_conceitos_propriedades_e_exemplos/img/grafico17.svg
https://stecine.azureedge.net/repositorio/limite_conceitos_propriedades_e_exemplos/index.html,9354,https://stecine.azureedge.net/repositorio/limite_conceitos_propriedades_e_exemplos/img/grafico18.svg
https://stecine.azureedge.net/repositorio/limite_conceitos_propriedades_e_exemplos/index.html,1776,https://stecine.azureedge.net/repositorio/limite_conceitos_propriedades_e_exemplos/img/teorianapratica.svg
https://stecine.azureedge.net/repositorio/limite_conceitos_propriedades_e_exemplos/index.html,1776,https://stecine.azureedge.net/repositorio/limite_conceitos_propriedades_e_exemplos/img/teorianapratica.svg
https://stecine.azureedge.net/repositorio/limite_conceitos_propriedades_e_exemplos/index.html,1776,https://stecine.azureedge.net/repositorio/limite_conceitos_propriedades_e_exemplos/img/teorianapratica.svg
https://stecine.azureedge.net/repositorio/limite_conceitos_propriedades_e_exemplos/index.html,51059,https://stecine.azureedge.net/repositorio/limite_conceitos_propriedades_e_exemplos/img/grafico20.svg
https://stecine.azureedge.net/repositorio/limite_conceitos_propriedades_e_exemplos/index.html,1776,https://stecine.azureedge.net/repositorio/limite_conceitos_propriedades_e_exemplos/img/teorianapratica.svg
https://stecine.azureedge.net/repositorio/limite_conceitos_propriedades_e_exemplos/index.html,1776,https://stecine.azureedge.net/repositorio/limite_conceitos_propriedades_e_exemplos/img/teorianapratica.svg
https://stecine.azureedge.net/repositorio/limite_conceitos_propriedades_e_exemplos/index.html,1776,https://stecine.azureedge.net/repositorio/limite_conceitos_propriedades_e_exemplos/img/teorianapratica.svg
https://stecine.azureedge.net/repositorio/limite_conceitos_propriedades_e_exemplos/index.html,2916,https://stecine.azureedge.net/repositorio/limite_conceitos_propriedades_e_exemplos/img/mao_na_massa_icon.svg
https://stecine.azureedge.net/repositorio/limite_conceitos_propriedades_e_exemplos/index.html,137630,https://stecine.azureedge.net/repositorio/limite_conceitos_propriedades_e_exemplos/img/grafico19.svg
https://stecine.azureedge.net/repositorio/limite_conceitos_propriedades_e_exemplos/index.html,1776,https://stecine.azureedge.net/repositorio/limite_conceitos_propriedades_e_exemplos/img/teorianapratica.svg
https://stecine.azureedge.net/repositorio/limite_conceitos_propriedades_e_exemplos/index.html,1776,https://stecine.azureedge.net/repositorio/limite_conceitos_propriedades_e_exemplos/img/teorianapratica.svg
https://stecine.azureedge.net/repositorio/limite_conceitos_propriedades_e_exemplos/index.html,1776,https://stecine.azureedge.net/repositorio/limite_conceitos_propriedades_e_exemplos/img/teorianapratica.svg
https://stecine.azureedge.net/repositorio/limite_conceitos_propriedades_e_exemplos/index.html,1776,https://stecine.azureedge.net/repositorio/limite_conceitos_propriedades_e_exemplos/img/teorianapratica.svg
https://stecine.azureedge.net/repositorio/limite_conceitos_propriedades_e_exemplos/index.html,1776,https://stecine.azureedge.net/repositorio/limite_conceitos_propriedades_e_exemplos/img/teorianapratica.svg
https://stecine.azureedge.net/repositorio/limite_conceitos_propriedades_e_exemplos/index.html,2916,https://stecine.azureedge.net/repositorio/limite_conceitos_propriedades_e_exemplos/img/mao_na_massa_icon.svg
https://stecine.azureedge.net/repositorio/modelos_e_modelagem_usando_funcoes/index.html,76939,https://stecine.azureedge.net/repositorio/modelos_e_modelagem_usando_funcoes/img/grafico1.svg
https://stecine.azureedge.net/repositorio/modelos_e_modelagem_usando_funcoes/index.html,48234,https://stecine.azureedge.net/repositorio/modelos_e_modelagem_usando_funcoes/img/grafico3.svg
https://stecine.azureedge.net/repositorio/modelos_e_modelagem_usando_funcoes/index.html,46836,https://stecine.azureedge.net/repositorio/modelos_e_modelagem_usando_funcoes/img/grafico5.svg
https://stecine.azureedge.net/repositorio/modelos_e_modelagem_usando_funcoes/index.html,6025,https://stecine.azureedge.net/repositorio/modelos_e_modelagem_usando_funcoes/img/grafico6.svg
https://stecine.azureedge.net/repositorio/projetos_e_organizacao/index.html,1776,https://stecine.azureedge.net/repositorio/projetos_e_organizacao/img/teorianapratica.svg
https://stecine.azureedge.net/repositorio/integrais_aplicacoes/index.html,1776,https://stecine.azureedge.net/repositorio/integrais_aplicacoes/img/teorianapratica.svg
https://stecine.azureedge.net/repositorio/integrais_aplicacoes/index.html,2916,https://stecine.azureedge.net/repositorio/integrais_aplicacoes/img/mao_na_massa_icon.svg
https://stecine.azureedge.net/repositorio/integrais_aplicacoes/index.html,1776,https://stecine.azureedge.net/repositorio/integrais_aplicacoes/img/teorianapratica.svg
https://stecine.azureedge.net/repositorio/integrais_aplicacoes/index.html,2916,https://stecine.azureedge.net/repositorio/integrais_aplicacoes/img/mao_na_massa_icon.svg
https://stecine.azureedge.net/repositorio/integrais_aplicacoes/index.html,1776,https://stecine.azureedge.net/repositorio/integrais_aplicacoes/img/teorianapratica.svg
https://stecine.azureedge.net/repositorio/integrais_aplicacoes/index.html,2916,https://stecine.azureedge.net/repositorio/integrais_aplicacoes/img/mao_na_massa_icon.svg
https://stecine.azureedge.net/repositorio/introducao_a_redes_de_computadores_e_historico_da_internet/index.html,4021097,https://stecine.azureedge.net/repositorio/introducao_a_redes_de_computadores_e_historico_da_internet/img/06.gif
https://stecine.azureedge.net/repositorio/introducao_a_redes_de_computadores_e_historico_da_internet/index.html,1378664,https://stecine.azureedge.net/repositorio/introducao_a_redes_de_computadores_e_historico_da_internet/img/25.gif
https://stecine.azureedge.net/repositorio/introducao_a_redes_de_computadores_e_historico_da_internet/index.html,3390958,https://stecine.azureedge.net/repositorio/introducao_a_redes_de_computadores_e_historico_da_internet/img/32.gif
https://stecine.azureedge.net/repositorio/analise_de_dados_quantitativos/index.html,2976,https://stecine.azureedge.net/repositorio/analise_de_dados_quantitativos/img/mao_na_massa_icon.svg
https://stecine.azureedge.net/repositorio/analise_de_dados_quantitativos/index.html,1817,https://stecine.azureedge.net/repositorio/analise_de_dados_quantitativos/img/teorianapratica.svg
https://stecine.azureedge.net/repositorio/analise_de_dados_quantitativos/index.html,2976,https://stecine.azureedge.net/repositorio/analise_de_dados_quantitativos/img/mao_na_massa_icon.svg
https://stecine.azureedge.net/repositorio/analise_de_dados_quantitativos/index.html,1817,https://stecine.azureedge.net/repositorio/analise_de_dados_quantitativos/img/teorianapratica.svg
https://stecine.azureedge.net/repositorio/analise_de_dados_quantitativos/index.html,2976,https://stecine.azureedge.net/repositorio/analise_de_dados_quantitativos/img/mao_na_massa_icon.svg
https://stecine.azureedge.net/repositorio/analise_de_dados_quantitativos/index.html,1817,https://stecine.azureedge.net/repositorio/analise_de_dados_quantitativos/img/teorianapratica.svg
https://stecine.azureedge.net/repositorio/arquitetura_cisc_x_risc/index.html,98149,https://stecine.azureedge.net/repositorio/arquitetura_cisc_x_risc/img/img19.gif
https://stecine.azureedge.net/repositorio/01271/index.html,19988,https://stecine.azureedge.net/repositorio/01271/img/img13.svg
https://stecine.azureedge.net/repositorio/01271/index.html,5812,https://stecine.azureedge.net/repositorio/01271/img/img14.svg
https://stecine.azureedge.net/repositorio/01271/index.html,9243,https://stecine.azureedge.net/repositorio/01271/img/img15.svg
https://stecine.azureedge.net/repositorio/01271/index.html,63282,https://stecine.azureedge.net/repositorio/01271/img/img16.svg
https://stecine.azureedge.net/repositorio/01271/index.html,6795,https://stecine.azureedge.net/repositorio/01271/img/img17.svg
https://stecine.azureedge.net/repositorio/01271/index.html,6859,https://stecine.azureedge.net/repositorio/01271/img/img18.svg
https://stecine.azureedge.net/repositorio/01271/index.html,6859,https://stecine.azureedge.net/repositorio/01271/img/img18.svg
https://stecine.azureedge.net/repositorio/01271/index.html,6859,https://stecine.azureedge.net/repositorio/01271/img/img18.svg
https://stecine.azureedge.net/repositorio/01271/index.html,6859,https://stecine.azureedge.net/repositorio/01271/img/img18.svg
https://stecine.azureedge.net/repositorio/01271/index.html,6859,https://stecine.azureedge.net/repositorio/01271/img/img18.svg
https://stecine.azureedge.net/repositorio/01271/index.html,6859,https://stecine.azureedge.net/repositorio/01271/img/img18.svg
https://stecine.azureedge.net/repositorio/equilibrio_de_um_ponto_material/index.html,589519,https://stecine.azureedge.net/repositorio/equilibrio_de_um_ponto_material/img/terra.gif
