urlImagem,imageAntes,imageDepois,urlTema
https://stecine.azureedge.net/repositorio/linguagem_funcoes_executivas_e_emocao/img/header/logo_tema.png,34911,20944,https://stecine.azureedge.net/repositorio/linguagem_funcoes_executivas_e_emocao/index.html
https://stecine.azureedge.net/repositorio/linguagem_funcoes_executivas_e_emocao/img/objetivo.png,33713,35360,https://stecine.azureedge.net/repositorio/linguagem_funcoes_executivas_e_emocao/index.html
https://stecine.azureedge.net/repositorio/linguagem_funcoes_executivas_e_emocao/img/objetivo.png,33713,35360,https://stecine.azureedge.net/repositorio/linguagem_funcoes_executivas_e_emocao/index.html
https://stecine.azureedge.net/repositorio/linguagem_funcoes_executivas_e_emocao/img/objetivo.png,33713,35360,https://stecine.azureedge.net/repositorio/linguagem_funcoes_executivas_e_emocao/index.html
https://stecine.azureedge.net/repositorio/linguagem_funcoes_executivas_e_emocao/img/s5.jpg,68996,54446,https://stecine.azureedge.net/repositorio/linguagem_funcoes_executivas_e_emocao/index.html
https://stecine.azureedge.net/repositorio/linguagem_funcoes_executivas_e_emocao/img/s7.jpg,709826,622119,https://stecine.azureedge.net/repositorio/linguagem_funcoes_executivas_e_emocao/index.html
https://stecine.azureedge.net/repositorio/linguagem_funcoes_executivas_e_emocao/img/s10.jpg,103793,86700,https://stecine.azureedge.net/repositorio/linguagem_funcoes_executivas_e_emocao/index.html
https://stecine.azureedge.net/repositorio/linguagem_funcoes_executivas_e_emocao/img/s14.jpg,80248,50641,https://stecine.azureedge.net/repositorio/linguagem_funcoes_executivas_e_emocao/index.html
https://stecine.azureedge.net/repositorio/linguagem_funcoes_executivas_e_emocao/img/s15.png,22778,13251,https://stecine.azureedge.net/repositorio/linguagem_funcoes_executivas_e_emocao/index.html
https://stecine.azureedge.net/repositorio/linguagem_funcoes_executivas_e_emocao/img/s20.jpg,333055,252303,https://stecine.azureedge.net/repositorio/linguagem_funcoes_executivas_e_emocao/index.html
https://stecine.azureedge.net/repositorio/linguagem_funcoes_executivas_e_emocao/img/s23.png,126185,135325,https://stecine.azureedge.net/repositorio/linguagem_funcoes_executivas_e_emocao/index.html
https://stecine.azureedge.net/repositorio/linguagem_funcoes_executivas_e_emocao/img/s24.png,47057,49477,https://stecine.azureedge.net/repositorio/linguagem_funcoes_executivas_e_emocao/index.html
https://stecine.azureedge.net/repositorio/linguagem_funcoes_executivas_e_emocao/img/s25.png,46372,48820,https://stecine.azureedge.net/repositorio/linguagem_funcoes_executivas_e_emocao/index.html
https://stecine.azureedge.net/repositorio/linguagem_funcoes_executivas_e_emocao/img/s26.jpg,408591,273727,https://stecine.azureedge.net/repositorio/linguagem_funcoes_executivas_e_emocao/index.html
https://stecine.azureedge.net/repositorio/linguagem_funcoes_executivas_e_emocao/img/s28.png,42709,44829,https://stecine.azureedge.net/repositorio/linguagem_funcoes_executivas_e_emocao/index.html
https://stecine.azureedge.net/repositorio/linguagem_funcoes_executivas_e_emocao/img/ft_base.jpg,44700,26268,https://stecine.azureedge.net/repositorio/linguagem_funcoes_executivas_e_emocao/index.html
https://stecine.azureedge.net/repositorio/linguagem_funcoes_executivas_e_emocao/img/s31.jpg,86605,65983,https://stecine.azureedge.net/repositorio/linguagem_funcoes_executivas_e_emocao/index.html
https://stecine.azureedge.net/repositorio/linguagem_funcoes_executivas_e_emocao/img/s35.png,47856,50354,https://stecine.azureedge.net/repositorio/linguagem_funcoes_executivas_e_emocao/index.html
https://stecine.azureedge.net/repositorio/linguagem_funcoes_executivas_e_emocao/img/s36.png,43435,45636,https://stecine.azureedge.net/repositorio/linguagem_funcoes_executivas_e_emocao/index.html
https://stecine.azureedge.net/repositorio/linguagem_funcoes_executivas_e_emocao/img/s38.jpg,75601,52637,https://stecine.azureedge.net/repositorio/linguagem_funcoes_executivas_e_emocao/index.html
https://stecine.azureedge.net/repositorio/linguagem_funcoes_executivas_e_emocao/img/s39.png,26205,27414,https://stecine.azureedge.net/repositorio/linguagem_funcoes_executivas_e_emocao/index.html
https://stecine.azureedge.net/repositorio/linguagem_funcoes_executivas_e_emocao/img/s41.png,155734,165681,https://stecine.azureedge.net/repositorio/linguagem_funcoes_executivas_e_emocao/index.html
https://stecine.azureedge.net/repositorio/linguagem_funcoes_executivas_e_emocao/img/s44.png,154688,163940,https://stecine.azureedge.net/repositorio/linguagem_funcoes_executivas_e_emocao/index.html
https://stecine.azureedge.net/repositorio/linguagem_funcoes_executivas_e_emocao/img/s45.jpg,76732,50767,https://stecine.azureedge.net/repositorio/linguagem_funcoes_executivas_e_emocao/index.html
https://stecine.azureedge.net/repositorio/linguagem_funcoes_executivas_e_emocao/img/s51.png,42787,44927,https://stecine.azureedge.net/repositorio/linguagem_funcoes_executivas_e_emocao/index.html
https://stecine.azureedge.net/repositorio/linguagem_funcoes_executivas_e_emocao/img/s55.png,51670,54079,https://stecine.azureedge.net/repositorio/linguagem_funcoes_executivas_e_emocao/index.html
https://stecine.azureedge.net/repositorio/linguagem_funcoes_executivas_e_emocao/img/s60a.png,21413,10302,https://stecine.azureedge.net/repositorio/linguagem_funcoes_executivas_e_emocao/index.html
https://stecine.azureedge.net/repositorio/linguagem_funcoes_executivas_e_emocao/img/s60b.png,29480,13486,https://stecine.azureedge.net/repositorio/linguagem_funcoes_executivas_e_emocao/index.html
https://stecine.azureedge.net/repositorio/linguagem_funcoes_executivas_e_emocao/img/s63.png,47944,16371,https://stecine.azureedge.net/repositorio/linguagem_funcoes_executivas_e_emocao/index.html
https://stecine.azureedge.net/repositorio/linguagem_funcoes_executivas_e_emocao/img/s64.png,53981,17948,https://stecine.azureedge.net/repositorio/linguagem_funcoes_executivas_e_emocao/index.html
https://stecine.azureedge.net/repositorio/linguagem_funcoes_executivas_e_emocao/img/s65.png,58870,19063,https://stecine.azureedge.net/repositorio/linguagem_funcoes_executivas_e_emocao/index.html
https://stecine.azureedge.net/repositorio/linguagem_funcoes_executivas_e_emocao/img/s71.png,36827,38752,https://stecine.azureedge.net/repositorio/linguagem_funcoes_executivas_e_emocao/index.html
https://stecine.azureedge.net/repositorio/linguagem_funcoes_executivas_e_emocao/img/s72.png,37795,39655,https://stecine.azureedge.net/repositorio/linguagem_funcoes_executivas_e_emocao/index.html
https://stecine.azureedge.net/repositorio/linguagem_funcoes_executivas_e_emocao/img/s73a.jpg,73066,53184,https://stecine.azureedge.net/repositorio/linguagem_funcoes_executivas_e_emocao/index.html
https://stecine.azureedge.net/repositorio/linguagem_funcoes_executivas_e_emocao/img/s73b.jpg,35909,43434,https://stecine.azureedge.net/repositorio/linguagem_funcoes_executivas_e_emocao/index.html
https://stecine.azureedge.net/repositorio/linguagem_funcoes_executivas_e_emocao/img/s73c.jpg,68441,54780,https://stecine.azureedge.net/repositorio/linguagem_funcoes_executivas_e_emocao/index.html
https://stecine.azureedge.net/repositorio/linguagem_funcoes_executivas_e_emocao/img/s73d.jpg,62853,47148,https://stecine.azureedge.net/repositorio/linguagem_funcoes_executivas_e_emocao/index.html
https://stecine.azureedge.net/repositorio/linguagem_funcoes_executivas_e_emocao/img/s79.png,33506,35492,https://stecine.azureedge.net/repositorio/linguagem_funcoes_executivas_e_emocao/index.html
https://stecine.azureedge.net/repositorio/linguagem_funcoes_executivas_e_emocao/img/s84.jpg,230391,192936,https://stecine.azureedge.net/repositorio/linguagem_funcoes_executivas_e_emocao/index.html
https://stecine.azureedge.net/repositorio/linguagem_funcoes_executivas_e_emocao/img/s88.jpg,122636,98668,https://stecine.azureedge.net/repositorio/linguagem_funcoes_executivas_e_emocao/index.html
https://stecine.azureedge.net/repositorio/linguagem_funcoes_executivas_e_emocao/img/s89.jpg,360932,308950,https://stecine.azureedge.net/repositorio/linguagem_funcoes_executivas_e_emocao/index.html
https://stecine.azureedge.net/repositorio/linguagem_funcoes_executivas_e_emocao/img/s90.jpg,252487,253884,https://stecine.azureedge.net/repositorio/linguagem_funcoes_executivas_e_emocao/index.html
https://stecine.azureedge.net/repositorio/linguagem_funcoes_executivas_e_emocao/img/s95.jpg,119135,93393,https://stecine.azureedge.net/repositorio/linguagem_funcoes_executivas_e_emocao/index.html
https://stecine.azureedge.net/repositorio/linguagem_funcoes_executivas_e_emocao/img/s96.png,26877,12872,https://stecine.azureedge.net/repositorio/linguagem_funcoes_executivas_e_emocao/index.html
https://stecine.azureedge.net/repositorio/linguagem_funcoes_executivas_e_emocao/img/s97.png,27124,13155,https://stecine.azureedge.net/repositorio/linguagem_funcoes_executivas_e_emocao/index.html
https://stecine.azureedge.net/repositorio/linguagem_funcoes_executivas_e_emocao/img/s98.png,43852,46283,https://stecine.azureedge.net/repositorio/linguagem_funcoes_executivas_e_emocao/index.html
https://stecine.azureedge.net/repositorio/linguagem_funcoes_executivas_e_emocao/img/s99.png,403910,439835,https://stecine.azureedge.net/repositorio/linguagem_funcoes_executivas_e_emocao/index.html
https://stecine.azureedge.net/repositorio/linguagem_funcoes_executivas_e_emocao/img/s100.png,54002,56064,https://stecine.azureedge.net/repositorio/linguagem_funcoes_executivas_e_emocao/index.html
https://stecine.azureedge.net/repositorio/linguagem_funcoes_executivas_e_emocao/img/s104.png,73861,77279,https://stecine.azureedge.net/repositorio/linguagem_funcoes_executivas_e_emocao/index.html
https://stecine.azureedge.net/repositorio/linguagem_funcoes_executivas_e_emocao/img/s107.jpg,282484,240059,https://stecine.azureedge.net/repositorio/linguagem_funcoes_executivas_e_emocao/index.html
https://stecine.azureedge.net/repositorio/linguagem_funcoes_executivas_e_emocao/img/s109.png,21249,11353,https://stecine.azureedge.net/repositorio/linguagem_funcoes_executivas_e_emocao/index.html
https://stecine.azureedge.net/repositorio/linguagem_funcoes_executivas_e_emocao/img/s110a.jpg,83311,70478,https://stecine.azureedge.net/repositorio/linguagem_funcoes_executivas_e_emocao/index.html
https://stecine.azureedge.net/repositorio/linguagem_funcoes_executivas_e_emocao/img/s110b.jpg,61910,38676,https://stecine.azureedge.net/repositorio/linguagem_funcoes_executivas_e_emocao/index.html
https://stecine.azureedge.net/repositorio/linguagem_funcoes_executivas_e_emocao/img/s112.png,39341,40851,https://stecine.azureedge.net/repositorio/linguagem_funcoes_executivas_e_emocao/index.html
https://stecine.azureedge.net/repositorio/linguagem_funcoes_executivas_e_emocao/img/s113.png,32588,34085,https://stecine.azureedge.net/repositorio/linguagem_funcoes_executivas_e_emocao/index.html
https://stecine.azureedge.net/repositorio/linguagem_funcoes_executivas_e_emocao/img/s115a.jpg,129629,90726,https://stecine.azureedge.net/repositorio/linguagem_funcoes_executivas_e_emocao/index.html
https://stecine.azureedge.net/repositorio/linguagem_funcoes_executivas_e_emocao/img/s115b.jpg,130426,91379,https://stecine.azureedge.net/repositorio/linguagem_funcoes_executivas_e_emocao/index.html
https://stecine.azureedge.net/repositorio/linguagem_funcoes_executivas_e_emocao/img/s115c.jpg,131574,92157,https://stecine.azureedge.net/repositorio/linguagem_funcoes_executivas_e_emocao/index.html
https://stecine.azureedge.net/repositorio/linguagem_funcoes_executivas_e_emocao/img/s115d.jpg,132848,92944,https://stecine.azureedge.net/repositorio/linguagem_funcoes_executivas_e_emocao/index.html
https://stecine.azureedge.net/repositorio/linguagem_funcoes_executivas_e_emocao/img/ft_base.jpg,44700,26268,https://stecine.azureedge.net/repositorio/linguagem_funcoes_executivas_e_emocao/index.html
https://stecine.azureedge.net/repositorio/linguagem_funcoes_executivas_e_emocao/img/ft_base.jpg,44700,26268,https://stecine.azureedge.net/repositorio/linguagem_funcoes_executivas_e_emocao/index.html
https://stecine.azureedge.net/repositorio/linguagem_funcoes_executivas_e_emocao/img/ft_base.jpg,44700,26268,https://stecine.azureedge.net/repositorio/linguagem_funcoes_executivas_e_emocao/index.html
https://stecine.azureedge.net/repositorio/linguagem_funcoes_executivas_e_emocao/img/bg_total.jpg,135633,75025,https://stecine.azureedge.net/repositorio/linguagem_funcoes_executivas_e_emocao/index.html
https://stecine.azureedge.net/repositorio/linguagem_funcoes_executivas_e_emocao/img/header/bg_header.jpg,357526,207795,https://stecine.azureedge.net/repositorio/linguagem_funcoes_executivas_e_emocao/index.html
https://stecine.azureedge.net/repositorio/linguagem_funcoes_executivas_e_emocao/img/header/capa_modulo.jpg,280548,112536,https://stecine.azureedge.net/repositorio/linguagem_funcoes_executivas_e_emocao/index.html
https://stecine.azureedge.net/repositorio/linguagem_funcoes_executivas_e_emocao/img/header/capa_modulo.jpg,280548,112536,https://stecine.azureedge.net/repositorio/linguagem_funcoes_executivas_e_emocao/index.html
https://stecine.azureedge.net/repositorio/linguagem_funcoes_executivas_e_emocao/img/header/capa_modulo.jpg,280548,112536,https://stecine.azureedge.net/repositorio/linguagem_funcoes_executivas_e_emocao/index.html
https://stecine.azureedge.net/repositorio/linguagem_funcoes_executivas_e_emocao/img/header/capa_modulo.jpg,280548,112536,https://stecine.azureedge.net/repositorio/linguagem_funcoes_executivas_e_emocao/index.html
https://stecine.azureedge.net/repositorio/linguagem_funcoes_executivas_e_emocao/img/s7.jpg,709826,622119,https://stecine.azureedge.net/repositorio/linguagem_funcoes_executivas_e_emocao/index.html
https://stecine.azureedge.net/repositorio/linguagem_funcoes_executivas_e_emocao/img/s20_mobile.jpg,556762,299305,https://stecine.azureedge.net/repositorio/linguagem_funcoes_executivas_e_emocao/index.html
https://stecine.azureedge.net/repositorio/linguagem_funcoes_executivas_e_emocao/img/s20.jpg,333055,252303,https://stecine.azureedge.net/repositorio/linguagem_funcoes_executivas_e_emocao/index.html
https://stecine.azureedge.net/repositorio/linguagem_funcoes_executivas_e_emocao/img/s26_mobile.jpg,593258,302540,https://stecine.azureedge.net/repositorio/linguagem_funcoes_executivas_e_emocao/index.html
https://stecine.azureedge.net/repositorio/linguagem_funcoes_executivas_e_emocao/img/s26.jpg,408591,273727,https://stecine.azureedge.net/repositorio/linguagem_funcoes_executivas_e_emocao/index.html
https://stecine.azureedge.net/repositorio/linguagem_funcoes_executivas_e_emocao/img/s84.jpg,230391,192936,https://stecine.azureedge.net/repositorio/linguagem_funcoes_executivas_e_emocao/index.html
https://stecine.azureedge.net/repositorio/linguagem_funcoes_executivas_e_emocao/img/s89.jpg,360932,308950,https://stecine.azureedge.net/repositorio/linguagem_funcoes_executivas_e_emocao/index.html
https://stecine.azureedge.net/repositorio/linguagem_funcoes_executivas_e_emocao/img/s107.jpg,282484,240059,https://stecine.azureedge.net/repositorio/linguagem_funcoes_executivas_e_emocao/index.html
https://stecine.azureedge.net/repositorio/introducao_a_quimica/img/header/logo_tema.png,26926,28813,https://stecine.azureedge.net/repositorio/introducao_a_quimica/index.html
https://stecine.azureedge.net/repositorio/introducao_a_quimica/img/img02.jpg,145061,69099,https://stecine.azureedge.net/repositorio/introducao_a_quimica/index.html
https://stecine.azureedge.net/repositorio/introducao_a_quimica/img/img03.jpg,257529,77453,https://stecine.azureedge.net/repositorio/introducao_a_quimica/index.html
https://stecine.azureedge.net/repositorio/introducao_a_quimica/img/img01.jpg,114292,38397,https://stecine.azureedge.net/repositorio/introducao_a_quimica/index.html
https://stecine.azureedge.net/repositorio/introducao_a_quimica/img/img04.jpg,253504,165658,https://stecine.azureedge.net/repositorio/introducao_a_quimica/index.html
https://stecine.azureedge.net/repositorio/introducao_a_quimica/img/img05.jpg,148501,81588,https://stecine.azureedge.net/repositorio/introducao_a_quimica/index.html
https://stecine.azureedge.net/repositorio/introducao_a_quimica/img/img06.jpg,173344,122878,https://stecine.azureedge.net/repositorio/introducao_a_quimica/index.html
https://stecine.azureedge.net/repositorio/introducao_a_quimica/img/img07.jpg,205050,211492,https://stecine.azureedge.net/repositorio/introducao_a_quimica/index.html
https://stecine.azureedge.net/repositorio/introducao_a_quimica/img/diag1.jpg,49137,40257,https://stecine.azureedge.net/repositorio/introducao_a_quimica/index.html
https://stecine.azureedge.net/repositorio/introducao_a_quimica/img/img08.jpg,265252,258583,https://stecine.azureedge.net/repositorio/introducao_a_quimica/index.html
https://stecine.azureedge.net/repositorio/introducao_a_quimica/img/img09.jpg,39624,36182,https://stecine.azureedge.net/repositorio/introducao_a_quimica/index.html
https://stecine.azureedge.net/repositorio/introducao_a_quimica/img/img10.jpg,354417,166391,https://stecine.azureedge.net/repositorio/introducao_a_quimica/index.html
https://stecine.azureedge.net/repositorio/introducao_a_quimica/img/img11.jpg,173987,112554,https://stecine.azureedge.net/repositorio/introducao_a_quimica/index.html
https://stecine.azureedge.net/repositorio/introducao_a_quimica/img/img12.jpg,148580,104375,https://stecine.azureedge.net/repositorio/introducao_a_quimica/index.html
https://stecine.azureedge.net/repositorio/introducao_a_quimica/img/img13.jpg,45342,14659,https://stecine.azureedge.net/repositorio/introducao_a_quimica/index.html
https://stecine.azureedge.net/repositorio/introducao_a_quimica/img/img14.jpg,203007,172225,https://stecine.azureedge.net/repositorio/introducao_a_quimica/index.html
https://stecine.azureedge.net/repositorio/introducao_a_quimica/img/img15.jpg,117632,99103,https://stecine.azureedge.net/repositorio/introducao_a_quimica/index.html
https://stecine.azureedge.net/repositorio/introducao_a_quimica/img/img16.jpg,32016,24895,https://stecine.azureedge.net/repositorio/introducao_a_quimica/index.html
https://stecine.azureedge.net/repositorio/introducao_a_quimica/img/img17.jpg,103413,59272,https://stecine.azureedge.net/repositorio/introducao_a_quimica/index.html
https://stecine.azureedge.net/repositorio/introducao_a_quimica/img/img18.jpg,120012,112017,https://stecine.azureedge.net/repositorio/introducao_a_quimica/index.html
https://stecine.azureedge.net/repositorio/introducao_a_quimica/img/img19.jpg,102134,54465,https://stecine.azureedge.net/repositorio/introducao_a_quimica/index.html
https://stecine.azureedge.net/repositorio/introducao_a_quimica/img/img21.jpg,22542,18566,https://stecine.azureedge.net/repositorio/introducao_a_quimica/index.html
https://stecine.azureedge.net/repositorio/introducao_a_quimica/img/img20.jpg,23907,18963,https://stecine.azureedge.net/repositorio/introducao_a_quimica/index.html
https://stecine.azureedge.net/repositorio/introducao_a_quimica/img/img22.jpg,203027,167809,https://stecine.azureedge.net/repositorio/introducao_a_quimica/index.html
https://stecine.azureedge.net/repositorio/introducao_a_quimica/img/img23.jpg,171495,90832,https://stecine.azureedge.net/repositorio/introducao_a_quimica/index.html
https://stecine.azureedge.net/repositorio/introducao_a_quimica/img/img24.jpg,195618,155395,https://stecine.azureedge.net/repositorio/introducao_a_quimica/index.html
https://stecine.azureedge.net/repositorio/introducao_a_quimica/img/img25.jpg,197818,170197,https://stecine.azureedge.net/repositorio/introducao_a_quimica/index.html
https://stecine.azureedge.net/repositorio/introducao_a_quimica/img/img26.jpg,187995,147012,https://stecine.azureedge.net/repositorio/introducao_a_quimica/index.html
https://stecine.azureedge.net/repositorio/introducao_a_quimica/img/img27.jpg,374181,274114,https://stecine.azureedge.net/repositorio/introducao_a_quimica/index.html
https://stecine.azureedge.net/repositorio/introducao_a_quimica/img/graf1.jpg,44414,41042,https://stecine.azureedge.net/repositorio/introducao_a_quimica/index.html
https://stecine.azureedge.net/repositorio/introducao_a_quimica/img/graf2.jpg,45850,41416,https://stecine.azureedge.net/repositorio/introducao_a_quimica/index.html
https://stecine.azureedge.net/repositorio/introducao_a_quimica/img/graf3.jpg,37361,33461,https://stecine.azureedge.net/repositorio/introducao_a_quimica/index.html
https://stecine.azureedge.net/repositorio/introducao_a_quimica/img/graf4.jpg,38224,34115,https://stecine.azureedge.net/repositorio/introducao_a_quimica/index.html
https://stecine.azureedge.net/repositorio/introducao_a_quimica/img/esquema1.jpg,32911,27871,https://stecine.azureedge.net/repositorio/introducao_a_quimica/index.html
https://stecine.azureedge.net/repositorio/introducao_a_quimica/img/esquema2.jpg,68159,36778,https://stecine.azureedge.net/repositorio/introducao_a_quimica/index.html
https://stecine.azureedge.net/repositorio/introducao_a_quimica/img/esquema3.jpg,29026,23111,https://stecine.azureedge.net/repositorio/introducao_a_quimica/index.html
https://stecine.azureedge.net/repositorio/introducao_a_quimica/img/diag2.jpg,141537,113755,https://stecine.azureedge.net/repositorio/introducao_a_quimica/index.html
https://stecine.azureedge.net/repositorio/introducao_a_quimica/img/zero1.jpg,32924,14832,https://stecine.azureedge.net/repositorio/introducao_a_quimica/index.html
https://stecine.azureedge.net/repositorio/introducao_a_quimica/img/zero2.jpg,30045,13784,https://stecine.azureedge.net/repositorio/introducao_a_quimica/index.html
https://stecine.azureedge.net/repositorio/introducao_a_quimica/img/zero3.jpg,30244,13521,https://stecine.azureedge.net/repositorio/introducao_a_quimica/index.html
https://stecine.azureedge.net/repositorio/introducao_a_quimica/img/diag3.png,41490,23319,https://stecine.azureedge.net/repositorio/introducao_a_quimica/index.html
https://stecine.azureedge.net/repositorio/introducao_a_quimica/img/img28.jpg,65874,54449,https://stecine.azureedge.net/repositorio/introducao_a_quimica/index.html
https://stecine.azureedge.net/repositorio/introducao_a_quimica/img/diag4.jpg,101120,79903,https://stecine.azureedge.net/repositorio/introducao_a_quimica/index.html
https://stecine.azureedge.net/repositorio/introducao_a_quimica/img/img29.jpg,70678,53058,https://stecine.azureedge.net/repositorio/introducao_a_quimica/index.html
https://stecine.azureedge.net/repositorio/introducao_a_quimica/img/img30.jpg,57226,46660,https://stecine.azureedge.net/repositorio/introducao_a_quimica/index.html
https://stecine.azureedge.net/repositorio/introducao_a_quimica/img/ft_base.jpg,44700,26268,https://stecine.azureedge.net/repositorio/introducao_a_quimica/index.html
https://stecine.azureedge.net/repositorio/introducao_a_quimica/img/ft_base.jpg,44700,26268,https://stecine.azureedge.net/repositorio/introducao_a_quimica/index.html
https://stecine.azureedge.net/repositorio/introducao_a_quimica/img/ft_base.jpg,44700,26268,https://stecine.azureedge.net/repositorio/introducao_a_quimica/index.html
https://stecine.azureedge.net/repositorio/introducao_a_quimica/img/header/bg_header.jpg,406892,100399,https://stecine.azureedge.net/repositorio/introducao_a_quimica/index.html
https://stecine.azureedge.net/repositorio/introducao_a_quimica/img/header/capa_modulo.jpg,215706,88491,https://stecine.azureedge.net/repositorio/introducao_a_quimica/index.html
https://stecine.azureedge.net/repositorio/introducao_a_quimica/img/header/capa_modulo.jpg,215706,88491,https://stecine.azureedge.net/repositorio/introducao_a_quimica/index.html
https://stecine.azureedge.net/repositorio/introducao_a_quimica/img/header/capa_modulo.jpg,215706,88491,https://stecine.azureedge.net/repositorio/introducao_a_quimica/index.html
https://stecine.azureedge.net/repositorio/introducao_a_quimica/img/header/capa_modulo.jpg,215706,88491,https://stecine.azureedge.net/repositorio/introducao_a_quimica/index.html
https://stecine.azureedge.net/repositorio/introducao_a_quimica/img/header/capa_modulo.jpg,215706,88491,https://stecine.azureedge.net/repositorio/introducao_a_quimica/index.html
https://stecine.azureedge.net/repositorio/introducao_a_quimica/img/header/capa_modulo_mobile.jpg,35615,21459,https://stecine.azureedge.net/repositorio/introducao_a_quimica/index.html
https://stecine.azureedge.net/repositorio/introducao_a_quimica/img/header/capa_modulo_mobile.jpg,35615,21459,https://stecine.azureedge.net/repositorio/introducao_a_quimica/index.html
https://stecine.azureedge.net/repositorio/introducao_a_quimica/img/header/capa_modulo_mobile.jpg,35615,21459,https://stecine.azureedge.net/repositorio/introducao_a_quimica/index.html
https://stecine.azureedge.net/repositorio/introducao_a_quimica/img/header/capa_modulo_mobile.jpg,35615,21459,https://stecine.azureedge.net/repositorio/introducao_a_quimica/index.html
https://stecine.azureedge.net/repositorio/introducao_a_quimica/img/header/capa_modulo_mobile.jpg,35615,21459,https://stecine.azureedge.net/repositorio/introducao_a_quimica/index.html
https://stecine.azureedge.net/repositorio/introducao_a_quimica/img/header/capa_modulo_mobile.jpg,35615,21459,https://stecine.azureedge.net/repositorio/introducao_a_quimica/index.html
https://stecine.azureedge.net/repositorio/introducao_a_quimica/img/header/capa_modulo_mobile.jpg,35615,21459,https://stecine.azureedge.net/repositorio/introducao_a_quimica/index.html
https://stecine.azureedge.net/repositorio/introducao_a_quimica/img/header/capa_modulo_mobile.jpg,35615,21459,https://stecine.azureedge.net/repositorio/introducao_a_quimica/index.html
https://stecine.azureedge.net/repositorio/introducao_a_quimica/img/header/capa_modulo_mobile.jpg,35615,21459,https://stecine.azureedge.net/repositorio/introducao_a_quimica/index.html
https://stecine.azureedge.net/repositorio/introducao_a_quimica/img/header/capa_modulo_mobile.jpg,35615,21459,https://stecine.azureedge.net/repositorio/introducao_a_quimica/index.html
https://stecine.azureedge.net/repositorio/01335/img/header/logo_tema.png,25939,12448,https://stecine.azureedge.net/repositorio/01335/index.html
https://stecine.azureedge.net/repositorio/01335/img/1314017660.jpg,46063,37028,https://stecine.azureedge.net/repositorio/01335/index.html
https://stecine.azureedge.net/repositorio/01335/img/1604035747.jpg,75023,75493,https://stecine.azureedge.net/repositorio/01335/index.html
https://stecine.azureedge.net/repositorio/01335/img/280339562.png,38037,19259,https://stecine.azureedge.net/repositorio/01335/index.html
https://stecine.azureedge.net/repositorio/01335/img/1670241712.jpg,27377,21540,https://stecine.azureedge.net/repositorio/01335/index.html
https://stecine.azureedge.net/repositorio/01335/img/714817420.jpg,30916,24544,https://stecine.azureedge.net/repositorio/01335/index.html
https://stecine.azureedge.net/repositorio/01335/img/44290348.jpg,39388,33195,https://stecine.azureedge.net/repositorio/01335/index.html
https://stecine.azureedge.net/repositorio/01335/img/338648696.png,35084,13032,https://stecine.azureedge.net/repositorio/01335/index.html
https://stecine.azureedge.net/repositorio/01335/img/1629124030.jpg,77666,71054,https://stecine.azureedge.net/repositorio/01335/index.html
https://stecine.azureedge.net/repositorio/01335/img/288034928.png,24040,11366,https://stecine.azureedge.net/repositorio/01335/index.html
https://stecine.azureedge.net/repositorio/01335/img/266910011.jpg,68349,49853,https://stecine.azureedge.net/repositorio/01335/index.html
https://stecine.azureedge.net/repositorio/01335/img/1149710126.jpg,31633,25318,https://stecine.azureedge.net/repositorio/01335/index.html
https://stecine.azureedge.net/repositorio/01335/img/463990118.png,76638,82902,https://stecine.azureedge.net/repositorio/01335/index.html
https://stecine.azureedge.net/repositorio/01335/img/1812354109.jpg,66119,60298,https://stecine.azureedge.net/repositorio/01335/index.html
https://stecine.azureedge.net/repositorio/01335/img/1825838846.jpg,69960,57824,https://stecine.azureedge.net/repositorio/01335/index.html
https://stecine.azureedge.net/repositorio/01335/img/794937412.jpg,63481,64354,https://stecine.azureedge.net/repositorio/01335/index.html
https://stecine.azureedge.net/repositorio/01335/img/1703704024.jpg,32386,20409,https://stecine.azureedge.net/repositorio/01335/index.html
https://stecine.azureedge.net/repositorio/01335/img/1861479253.jpg,60740,47975,https://stecine.azureedge.net/repositorio/01335/index.html
https://stecine.azureedge.net/repositorio/01335/img/749413066.png,23835,24799,https://stecine.azureedge.net/repositorio/01335/index.html
https://stecine.azureedge.net/repositorio/01335/img/773214946.jpg,144939,114194,https://stecine.azureedge.net/repositorio/01335/index.html
https://stecine.azureedge.net/repositorio/01335/img/image040.png,71649,20586,https://stecine.azureedge.net/repositorio/01335/index.html
https://stecine.azureedge.net/repositorio/01335/img/header/bg_header.jpg,182662,108515,https://stecine.azureedge.net/repositorio/01335/index.html
https://stecine.azureedge.net/repositorio/01335/img/1314017660_mobile.jpg,21011,17642,https://stecine.azureedge.net/repositorio/01335/index.html
https://stecine.azureedge.net/repositorio/01335/img/1314017660.jpg,46063,37028,https://stecine.azureedge.net/repositorio/01335/index.html
https://stecine.azureedge.net/repositorio/01335/img/44290348.jpg,39388,33195,https://stecine.azureedge.net/repositorio/01335/index.html
https://stecine.azureedge.net/repositorio/01335/img/266910011_mobile.jpg,25268,19524,https://stecine.azureedge.net/repositorio/01335/index.html
https://stecine.azureedge.net/repositorio/01335/img/266910011.jpg,68349,49853,https://stecine.azureedge.net/repositorio/01335/index.html
https://stecine.azureedge.net/repositorio/01335/img/794937412_mobile.jpg,36596,30726,https://stecine.azureedge.net/repositorio/01335/index.html
https://stecine.azureedge.net/repositorio/01335/img/794937412.jpg,63481,64354,https://stecine.azureedge.net/repositorio/01335/index.html
https://stecine.azureedge.net/repositorio/01335/img/1703704024.jpg,32386,20409,https://stecine.azureedge.net/repositorio/01335/index.html
https://stecine.azureedge.net/repositorio/01335/img/773214946_mobile.jpg,60578,41999,https://stecine.azureedge.net/repositorio/01335/index.html
https://stecine.azureedge.net/repositorio/01335/img/773214946.jpg,144939,114194,https://stecine.azureedge.net/repositorio/01335/index.html
https://stecine.azureedge.net/repositorio/01343/img/header/logo_tema.png,36998,39259,https://stecine.azureedge.net/repositorio/01343/index.html
https://stecine.azureedge.net/repositorio/01343/img/01.jpg,114146,26636,https://stecine.azureedge.net/repositorio/01343/index.html
https://stecine.azureedge.net/repositorio/01343/img/02.jpg,37360,11347,https://stecine.azureedge.net/repositorio/01343/index.html
https://stecine.azureedge.net/repositorio/01343/img/05_.png,46442,50415,https://stecine.azureedge.net/repositorio/01343/index.html
https://stecine.azureedge.net/repositorio/01343/img/04_.png,52795,55786,https://stecine.azureedge.net/repositorio/01343/index.html
https://stecine.azureedge.net/repositorio/01343/img/05.jpg,38556,13858,https://stecine.azureedge.net/repositorio/01343/index.html
https://stecine.azureedge.net/repositorio/01343/img/06.jpg,75134,28367,https://stecine.azureedge.net/repositorio/01343/index.html
https://stecine.azureedge.net/repositorio/01343/img/07.jpg,23229,10841,https://stecine.azureedge.net/repositorio/01343/index.html
https://stecine.azureedge.net/repositorio/01343/img/08.jpg,66380,24386,https://stecine.azureedge.net/repositorio/01343/index.html
https://stecine.azureedge.net/repositorio/01343/img/09.jpg,38883,16994,https://stecine.azureedge.net/repositorio/01343/index.html
https://stecine.azureedge.net/repositorio/01343/img/010.jpg,62464,24146,https://stecine.azureedge.net/repositorio/01343/index.html
https://stecine.azureedge.net/repositorio/01343/img/011.jpg,61322,27784,https://stecine.azureedge.net/repositorio/01343/index.html
https://stecine.azureedge.net/repositorio/01343/img/012.jpg,109029,38692,https://stecine.azureedge.net/repositorio/01343/index.html
https://stecine.azureedge.net/repositorio/01343/img/013.jpg,54218,22568,https://stecine.azureedge.net/repositorio/01343/index.html
https://stecine.azureedge.net/repositorio/01343/img/021.jpg,79906,28885,https://stecine.azureedge.net/repositorio/01343/index.html
https://stecine.azureedge.net/repositorio/01343/img/022.jpg,72804,27434,https://stecine.azureedge.net/repositorio/01343/index.html
https://stecine.azureedge.net/repositorio/01343/img/023.jpg,55397,23852,https://stecine.azureedge.net/repositorio/01343/index.html
https://stecine.azureedge.net/repositorio/01343/img/024.jpg,65636,25995,https://stecine.azureedge.net/repositorio/01343/index.html
https://stecine.azureedge.net/repositorio/01343/img/025.jpg,62436,25076,https://stecine.azureedge.net/repositorio/01343/index.html
https://stecine.azureedge.net/repositorio/01343/img/014.jpg,68782,30101,https://stecine.azureedge.net/repositorio/01343/index.html
https://stecine.azureedge.net/repositorio/01343/img/015.jpg,68998,29024,https://stecine.azureedge.net/repositorio/01343/index.html
https://stecine.azureedge.net/repositorio/01343/img/016.jpg,29740,20529,https://stecine.azureedge.net/repositorio/01343/index.html
https://stecine.azureedge.net/repositorio/01343/img/026.jpg,26545,11800,https://stecine.azureedge.net/repositorio/01343/index.html
https://stecine.azureedge.net/repositorio/01343/img/027.jpg,47499,25608,https://stecine.azureedge.net/repositorio/01343/index.html
https://stecine.azureedge.net/repositorio/01343/img/028.jpg,47139,36355,https://stecine.azureedge.net/repositorio/01343/index.html
https://stecine.azureedge.net/repositorio/01343/img/017.jpg,80595,24792,https://stecine.azureedge.net/repositorio/01343/index.html
https://stecine.azureedge.net/repositorio/01343/img/029.jpg,65890,31442,https://stecine.azureedge.net/repositorio/01343/index.html
https://stecine.azureedge.net/repositorio/01343/img/030.jpg,30997,17665,https://stecine.azureedge.net/repositorio/01343/index.html
https://stecine.azureedge.net/repositorio/01343/img/031.jpg,30817,17354,https://stecine.azureedge.net/repositorio/01343/index.html
https://stecine.azureedge.net/repositorio/01343/img/032.jpg,47464,31669,https://stecine.azureedge.net/repositorio/01343/index.html
https://stecine.azureedge.net/repositorio/01343/img/033.jpg,63683,32043,https://stecine.azureedge.net/repositorio/01343/index.html
https://stecine.azureedge.net/repositorio/01343/img/034.jpg,69080,34024,https://stecine.azureedge.net/repositorio/01343/index.html
https://stecine.azureedge.net/repositorio/01343/img/035.jpg,78535,37671,https://stecine.azureedge.net/repositorio/01343/index.html
https://stecine.azureedge.net/repositorio/01343/img/036.jpg,43405,27792,https://stecine.azureedge.net/repositorio/01343/index.html
https://stecine.azureedge.net/repositorio/01343/img/037.jpg,32279,13908,https://stecine.azureedge.net/repositorio/01343/index.html
https://stecine.azureedge.net/repositorio/01343/img/041.jpg,21263,8132,https://stecine.azureedge.net/repositorio/01343/index.html
https://stecine.azureedge.net/repositorio/01343/img/042.jpg,23630,8826,https://stecine.azureedge.net/repositorio/01343/index.html
https://stecine.azureedge.net/repositorio/01343/img/043.jpg,39366,22096,https://stecine.azureedge.net/repositorio/01343/index.html
https://stecine.azureedge.net/repositorio/01343/img/044.jpg,72186,39462,https://stecine.azureedge.net/repositorio/01343/index.html
https://stecine.azureedge.net/repositorio/01343/img/045.jpg,62459,43342,https://stecine.azureedge.net/repositorio/01343/index.html
https://stecine.azureedge.net/repositorio/01343/img/047.jpg,47159,20510,https://stecine.azureedge.net/repositorio/01343/index.html
https://stecine.azureedge.net/repositorio/01343/img/048.jpg,42836,30289,https://stecine.azureedge.net/repositorio/01343/index.html
https://stecine.azureedge.net/repositorio/01343/img/049.jpg,71364,25819,https://stecine.azureedge.net/repositorio/01343/index.html
https://stecine.azureedge.net/repositorio/01343/img/050.jpg,56191,22034,https://stecine.azureedge.net/repositorio/01343/index.html
https://stecine.azureedge.net/repositorio/01343/img/051.jpg,30407,18290,https://stecine.azureedge.net/repositorio/01343/index.html
https://stecine.azureedge.net/repositorio/01343/img/053.jpg,23729,11591,https://stecine.azureedge.net/repositorio/01343/index.html
https://stecine.azureedge.net/repositorio/01343/img/054.jpg,29395,12646,https://stecine.azureedge.net/repositorio/01343/index.html
https://stecine.azureedge.net/repositorio/01343/img/055.jpg,53431,20286,https://stecine.azureedge.net/repositorio/01343/index.html
https://stecine.azureedge.net/repositorio/01343/img/057.jpg,34131,13281,https://stecine.azureedge.net/repositorio/01343/index.html
https://stecine.azureedge.net/repositorio/01343/img/058.jpg,47165,17399,https://stecine.azureedge.net/repositorio/01343/index.html
https://stecine.azureedge.net/repositorio/01343/img/059.jpg,59730,24182,https://stecine.azureedge.net/repositorio/01343/index.html
https://stecine.azureedge.net/repositorio/01343/img/060.jpg,50633,27535,https://stecine.azureedge.net/repositorio/01343/index.html
https://stecine.azureedge.net/repositorio/01343/img/062.jpg,52779,33659,https://stecine.azureedge.net/repositorio/01343/index.html
https://stecine.azureedge.net/repositorio/01343/img/063.jpg,48224,24338,https://stecine.azureedge.net/repositorio/01343/index.html
https://stecine.azureedge.net/repositorio/01343/img/064.jpg,48101,23844,https://stecine.azureedge.net/repositorio/01343/index.html
https://stecine.azureedge.net/repositorio/01343/img/065.jpg,33986,19933,https://stecine.azureedge.net/repositorio/01343/index.html
https://stecine.azureedge.net/repositorio/01343/img/066.jpg,70217,33172,https://stecine.azureedge.net/repositorio/01343/index.html
https://stecine.azureedge.net/repositorio/01343/img/067.jpg,48356,25941,https://stecine.azureedge.net/repositorio/01343/index.html
https://stecine.azureedge.net/repositorio/01343/img/068.jpg,44378,20579,https://stecine.azureedge.net/repositorio/01343/index.html
https://stecine.azureedge.net/repositorio/01343/img/069.jpg,56765,25698,https://stecine.azureedge.net/repositorio/01343/index.html
https://stecine.azureedge.net/repositorio/01343/img/070.jpg,100116,75124,https://stecine.azureedge.net/repositorio/01343/index.html
https://stecine.azureedge.net/repositorio/01343/img/071.jpg,39362,34113,https://stecine.azureedge.net/repositorio/01343/index.html
https://stecine.azureedge.net/repositorio/01343/img/072.jpg,23532,10086,https://stecine.azureedge.net/repositorio/01343/index.html
https://stecine.azureedge.net/repositorio/01343/img/073.jpg,23874,10503,https://stecine.azureedge.net/repositorio/01343/index.html
https://stecine.azureedge.net/repositorio/01343/img/074.jpg,46025,17121,https://stecine.azureedge.net/repositorio/01343/index.html
https://stecine.azureedge.net/repositorio/01343/img/075.jpg,40001,39904,https://stecine.azureedge.net/repositorio/01343/index.html
https://stecine.azureedge.net/repositorio/01343/img/00076.jpg,62727,30018,https://stecine.azureedge.net/repositorio/01343/index.html
https://stecine.azureedge.net/repositorio/01343/img/077.jpg,31121,20265,https://stecine.azureedge.net/repositorio/01343/index.html
https://stecine.azureedge.net/repositorio/01343/img/081.jpg,29813,19447,https://stecine.azureedge.net/repositorio/01343/index.html
https://stecine.azureedge.net/repositorio/01343/img/082.jpg,57729,40222,https://stecine.azureedge.net/repositorio/01343/index.html
https://stecine.azureedge.net/repositorio/01343/img/083.jpg,35355,11842,https://stecine.azureedge.net/repositorio/01343/index.html
https://stecine.azureedge.net/repositorio/01343/img/084.jpg,39693,11839,https://stecine.azureedge.net/repositorio/01343/index.html
https://stecine.azureedge.net/repositorio/01343/img/085.jpg,25621,8683,https://stecine.azureedge.net/repositorio/01343/index.html
https://stecine.azureedge.net/repositorio/01343/img/086.jpg,25685,9421,https://stecine.azureedge.net/repositorio/01343/index.html
https://stecine.azureedge.net/repositorio/01343/img/089.jpg,55886,19603,https://stecine.azureedge.net/repositorio/01343/index.html
https://stecine.azureedge.net/repositorio/01343/img/090.jpg,42328,22375,https://stecine.azureedge.net/repositorio/01343/index.html
https://stecine.azureedge.net/repositorio/01343/img/091.jpg,54831,43014,https://stecine.azureedge.net/repositorio/01343/index.html
https://stecine.azureedge.net/repositorio/01343/img/092.jpg,38834,19655,https://stecine.azureedge.net/repositorio/01343/index.html
https://stecine.azureedge.net/repositorio/01343/img/093.jpg,32505,13880,https://stecine.azureedge.net/repositorio/01343/index.html
https://stecine.azureedge.net/repositorio/01343/img/094.jpg,23947,11495,https://stecine.azureedge.net/repositorio/01343/index.html
https://stecine.azureedge.net/repositorio/01343/img/095.jpg,61030,22626,https://stecine.azureedge.net/repositorio/01343/index.html
https://stecine.azureedge.net/repositorio/01343/img/096.jpg,27419,19376,https://stecine.azureedge.net/repositorio/01343/index.html
https://stecine.azureedge.net/repositorio/01343/img/097.jpg,52340,48370,https://stecine.azureedge.net/repositorio/01343/index.html
https://stecine.azureedge.net/repositorio/01343/img/098.jpg,22137,10102,https://stecine.azureedge.net/repositorio/01343/index.html
https://stecine.azureedge.net/repositorio/01343/img/099.jpg,30151,13181,https://stecine.azureedge.net/repositorio/01343/index.html
https://stecine.azureedge.net/repositorio/01343/img/0100.jpg,31762,13892,https://stecine.azureedge.net/repositorio/01343/index.html
https://stecine.azureedge.net/repositorio/01343/img/0101.jpg,34884,15425,https://stecine.azureedge.net/repositorio/01343/index.html
https://stecine.azureedge.net/repositorio/01343/img/0102.jpg,47906,20315,https://stecine.azureedge.net/repositorio/01343/index.html
https://stecine.azureedge.net/repositorio/01343/img/0103.jpg,46003,14249,https://stecine.azureedge.net/repositorio/01343/index.html
https://stecine.azureedge.net/repositorio/01343/img/0105.jpg,43170,34313,https://stecine.azureedge.net/repositorio/01343/index.html
https://stecine.azureedge.net/repositorio/01343/img/0107.jpg,26507,10689,https://stecine.azureedge.net/repositorio/01343/index.html
https://stecine.azureedge.net/repositorio/01343/img/0109.jpg,22248,11825,https://stecine.azureedge.net/repositorio/01343/index.html
https://stecine.azureedge.net/repositorio/01343/img/header/bg_header.jpg,121740,39007,https://stecine.azureedge.net/repositorio/01343/index.html
https://stecine.azureedge.net/repositorio/01343/img/header/capa_modulo.jpg,104314,22060,https://stecine.azureedge.net/repositorio/01343/index.html
https://stecine.azureedge.net/repositorio/01343/img/header/capa_modulo.jpg,104314,22060,https://stecine.azureedge.net/repositorio/01343/index.html
https://stecine.azureedge.net/repositorio/01343/img/header/capa_modulo.jpg,104314,22060,https://stecine.azureedge.net/repositorio/01343/index.html
https://stecine.azureedge.net/repositorio/01343/img/header/capa_modulo.jpg,104314,22060,https://stecine.azureedge.net/repositorio/01343/index.html
https://stecine.azureedge.net/repositorio/01343/img/header/capa_modulo.jpg,104314,22060,https://stecine.azureedge.net/repositorio/01343/index.html
https://stecine.azureedge.net/repositorio/01343/img/header/capa_modulo_mobile.jpg,40128,10316,https://stecine.azureedge.net/repositorio/01343/index.html
https://stecine.azureedge.net/repositorio/01343/img/header/capa_modulo_mobile.jpg,40128,10316,https://stecine.azureedge.net/repositorio/01343/index.html
https://stecine.azureedge.net/repositorio/01343/img/header/capa_modulo_mobile.jpg,40128,10316,https://stecine.azureedge.net/repositorio/01343/index.html
https://stecine.azureedge.net/repositorio/01343/img/header/capa_modulo_mobile.jpg,40128,10316,https://stecine.azureedge.net/repositorio/01343/index.html
https://stecine.azureedge.net/repositorio/01343/img/header/capa_modulo_mobile.jpg,40128,10316,https://stecine.azureedge.net/repositorio/01343/index.html
https://stecine.azureedge.net/repositorio/01343/img/header/capa_modulo_mobile.jpg,40128,10316,https://stecine.azureedge.net/repositorio/01343/index.html
https://stecine.azureedge.net/repositorio/01343/img/header/capa_modulo_mobile.jpg,40128,10316,https://stecine.azureedge.net/repositorio/01343/index.html
https://stecine.azureedge.net/repositorio/01343/img/header/capa_modulo_mobile.jpg,40128,10316,https://stecine.azureedge.net/repositorio/01343/index.html
https://stecine.azureedge.net/repositorio/01343/img/header/capa_modulo_mobile.jpg,40128,10316,https://stecine.azureedge.net/repositorio/01343/index.html
https://stecine.azureedge.net/repositorio/01343/img/header/capa_modulo_mobile.jpg,40128,10316,https://stecine.azureedge.net/repositorio/01343/index.html
https://stecine.azureedge.net/repositorio/matematica_do_dia_a_dia/img/header/logo_tema.png,23383,24428,https://stecine.azureedge.net/repositorio/matematica_do_dia_a_dia/index.html
https://stecine.azureedge.net/repositorio/matematica_do_dia_a_dia/img/img01.jpg,57940,32533,https://stecine.azureedge.net/repositorio/matematica_do_dia_a_dia/index.html
https://stecine.azureedge.net/repositorio/matematica_do_dia_a_dia/img/img02.jpg,65317,34663,https://stecine.azureedge.net/repositorio/matematica_do_dia_a_dia/index.html
https://stecine.azureedge.net/repositorio/matematica_do_dia_a_dia/img/img03.jpg,42758,44804,https://stecine.azureedge.net/repositorio/matematica_do_dia_a_dia/index.html
https://stecine.azureedge.net/repositorio/matematica_do_dia_a_dia/img/img04.png,32360,32396,https://stecine.azureedge.net/repositorio/matematica_do_dia_a_dia/index.html
https://stecine.azureedge.net/repositorio/matematica_do_dia_a_dia/img/img05.jpg,56824,35523,https://stecine.azureedge.net/repositorio/matematica_do_dia_a_dia/index.html
https://stecine.azureedge.net/repositorio/matematica_do_dia_a_dia/img/img06.png,24319,24345,https://stecine.azureedge.net/repositorio/matematica_do_dia_a_dia/index.html
https://stecine.azureedge.net/repositorio/matematica_do_dia_a_dia/img/img08.jpg,44358,27545,https://stecine.azureedge.net/repositorio/matematica_do_dia_a_dia/index.html
https://stecine.azureedge.net/repositorio/matematica_do_dia_a_dia/img/img08b.jpg,35974,20249,https://stecine.azureedge.net/repositorio/matematica_do_dia_a_dia/index.html
https://stecine.azureedge.net/repositorio/matematica_do_dia_a_dia/img/img09.png,164998,178485,https://stecine.azureedge.net/repositorio/matematica_do_dia_a_dia/index.html
https://stecine.azureedge.net/repositorio/matematica_do_dia_a_dia/img/img18.png,33438,33472,https://stecine.azureedge.net/repositorio/matematica_do_dia_a_dia/index.html
https://stecine.azureedge.net/repositorio/matematica_do_dia_a_dia/img/img19.jpg,99434,77023,https://stecine.azureedge.net/repositorio/matematica_do_dia_a_dia/index.html
https://stecine.azureedge.net/repositorio/matematica_do_dia_a_dia/img/img24.jpg,57754,36828,https://stecine.azureedge.net/repositorio/matematica_do_dia_a_dia/index.html
https://stecine.azureedge.net/repositorio/matematica_do_dia_a_dia/img/img25.png,25207,25239,https://stecine.azureedge.net/repositorio/matematica_do_dia_a_dia/index.html
https://stecine.azureedge.net/repositorio/matematica_do_dia_a_dia/img/ft_base.jpg,44700,26268,https://stecine.azureedge.net/repositorio/matematica_do_dia_a_dia/index.html
https://stecine.azureedge.net/repositorio/matematica_do_dia_a_dia/img/ft_base.jpg,44700,26268,https://stecine.azureedge.net/repositorio/matematica_do_dia_a_dia/index.html
https://stecine.azureedge.net/repositorio/matematica_do_dia_a_dia/img/ft_base.jpg,44700,26268,https://stecine.azureedge.net/repositorio/matematica_do_dia_a_dia/index.html
https://stecine.azureedge.net/repositorio/matematica_do_dia_a_dia/img/header/bg_header.jpg,40791,22127,https://stecine.azureedge.net/repositorio/matematica_do_dia_a_dia/index.html
https://stecine.azureedge.net/repositorio/matematica_do_dia_a_dia/img/header/capa_modulo.jpg,53213,33088,https://stecine.azureedge.net/repositorio/matematica_do_dia_a_dia/index.html
https://stecine.azureedge.net/repositorio/matematica_do_dia_a_dia/img/header/capa_modulo.jpg,53213,33088,https://stecine.azureedge.net/repositorio/matematica_do_dia_a_dia/index.html
https://stecine.azureedge.net/repositorio/matematica_do_dia_a_dia/img/header/capa_modulo.jpg,53213,33088,https://stecine.azureedge.net/repositorio/matematica_do_dia_a_dia/index.html
https://stecine.azureedge.net/repositorio/matematica_do_dia_a_dia/img/header/capa_modulo.jpg,53213,33088,https://stecine.azureedge.net/repositorio/matematica_do_dia_a_dia/index.html
https://stecine.azureedge.net/repositorio/matematica_do_dia_a_dia/img/header/capa_modulo.jpg,53213,33088,https://stecine.azureedge.net/repositorio/matematica_do_dia_a_dia/index.html
https://stecine.azureedge.net/repositorio/matematica_do_dia_a_dia/img/header/capa_modulo_mobile.jpg,28565,17978,https://stecine.azureedge.net/repositorio/matematica_do_dia_a_dia/index.html
https://stecine.azureedge.net/repositorio/matematica_do_dia_a_dia/img/header/capa_modulo_mobile.jpg,28565,17978,https://stecine.azureedge.net/repositorio/matematica_do_dia_a_dia/index.html
https://stecine.azureedge.net/repositorio/matematica_do_dia_a_dia/img/header/capa_modulo_mobile.jpg,28565,17978,https://stecine.azureedge.net/repositorio/matematica_do_dia_a_dia/index.html
https://stecine.azureedge.net/repositorio/matematica_do_dia_a_dia/img/header/capa_modulo_mobile.jpg,28565,17978,https://stecine.azureedge.net/repositorio/matematica_do_dia_a_dia/index.html
https://stecine.azureedge.net/repositorio/matematica_do_dia_a_dia/img/header/capa_modulo_mobile.jpg,28565,17978,https://stecine.azureedge.net/repositorio/matematica_do_dia_a_dia/index.html
https://stecine.azureedge.net/repositorio/matematica_do_dia_a_dia/img/header/capa_modulo_mobile.jpg,28565,17978,https://stecine.azureedge.net/repositorio/matematica_do_dia_a_dia/index.html
https://stecine.azureedge.net/repositorio/matematica_do_dia_a_dia/img/header/capa_modulo_mobile.jpg,28565,17978,https://stecine.azureedge.net/repositorio/matematica_do_dia_a_dia/index.html
https://stecine.azureedge.net/repositorio/matematica_do_dia_a_dia/img/header/capa_modulo_mobile.jpg,28565,17978,https://stecine.azureedge.net/repositorio/matematica_do_dia_a_dia/index.html
https://stecine.azureedge.net/repositorio/matematica_do_dia_a_dia/img/header/capa_modulo_mobile.jpg,28565,17978,https://stecine.azureedge.net/repositorio/matematica_do_dia_a_dia/index.html
https://stecine.azureedge.net/repositorio/matematica_do_dia_a_dia/img/header/capa_modulo_mobile.jpg,28565,17978,https://stecine.azureedge.net/repositorio/matematica_do_dia_a_dia/index.html
https://stecine.azureedge.net/repositorio/matematica_do_dia_a_dia/img/img01_mobile.jpg,217641,111581,https://stecine.azureedge.net/repositorio/matematica_do_dia_a_dia/index.html
https://stecine.azureedge.net/repositorio/matematica_do_dia_a_dia/img/img01.jpg,57940,32533,https://stecine.azureedge.net/repositorio/matematica_do_dia_a_dia/index.html
https://stecine.azureedge.net/repositorio/matematica_do_dia_a_dia/img/img02.jpg,65317,34663,https://stecine.azureedge.net/repositorio/matematica_do_dia_a_dia/index.html
https://stecine.azureedge.net/repositorio/matematica_do_dia_a_dia/img/img03.jpg,42758,44804,https://stecine.azureedge.net/repositorio/matematica_do_dia_a_dia/index.html
https://stecine.azureedge.net/repositorio/matematica_do_dia_a_dia/img/img05_mobile.jpg,56824,35523,https://stecine.azureedge.net/repositorio/matematica_do_dia_a_dia/index.html
https://stecine.azureedge.net/repositorio/matematica_do_dia_a_dia/img/img05.jpg,56824,35523,https://stecine.azureedge.net/repositorio/matematica_do_dia_a_dia/index.html
https://stecine.azureedge.net/repositorio/matematica_do_dia_a_dia/img/img09.png,164998,178485,https://stecine.azureedge.net/repositorio/matematica_do_dia_a_dia/index.html
https://stecine.azureedge.net/repositorio/matematica_do_dia_a_dia/img/img19.jpg,99434,77023,https://stecine.azureedge.net/repositorio/matematica_do_dia_a_dia/index.html
https://stecine.azureedge.net/repositorio/matematica_do_dia_a_dia/img/img24.jpg,57754,36828,https://stecine.azureedge.net/repositorio/matematica_do_dia_a_dia/index.html
https://stecine.azureedge.net/repositorio/neuromarketing/img/header/logo_tema.png,48210,29643,https://stecine.azureedge.net/repositorio/neuromarketing/index.html
https://stecine.azureedge.net/repositorio/neuromarketing/img/img1.png,172703,182344,https://stecine.azureedge.net/repositorio/neuromarketing/index.html
https://stecine.azureedge.net/repositorio/neuromarketing/img/img2.png,168031,184029,https://stecine.azureedge.net/repositorio/neuromarketing/index.html
https://stecine.azureedge.net/repositorio/neuromarketing/img/img3.png,116741,120854,https://stecine.azureedge.net/repositorio/neuromarketing/index.html
https://stecine.azureedge.net/repositorio/neuromarketing/img/img4.png,83188,83708,https://stecine.azureedge.net/repositorio/neuromarketing/index.html
https://stecine.azureedge.net/repositorio/neuromarketing/img/img5.png,177259,194392,https://stecine.azureedge.net/repositorio/neuromarketing/index.html
https://stecine.azureedge.net/repositorio/neuromarketing/img/img6.png,124644,137071,https://stecine.azureedge.net/repositorio/neuromarketing/index.html
https://stecine.azureedge.net/repositorio/neuromarketing/img/img7.png,135318,144657,https://stecine.azureedge.net/repositorio/neuromarketing/index.html
https://stecine.azureedge.net/repositorio/neuromarketing/img/img8.png,60800,66667,https://stecine.azureedge.net/repositorio/neuromarketing/index.html
https://stecine.azureedge.net/repositorio/neuromarketing/img/img9.png,102704,111336,https://stecine.azureedge.net/repositorio/neuromarketing/index.html
https://stecine.azureedge.net/repositorio/neuromarketing/img/img10.png,75748,83089,https://stecine.azureedge.net/repositorio/neuromarketing/index.html
https://stecine.azureedge.net/repositorio/neuromarketing/img/img11.png,155576,166569,https://stecine.azureedge.net/repositorio/neuromarketing/index.html
https://stecine.azureedge.net/repositorio/neuromarketing/img/img12.png,154046,171248,https://stecine.azureedge.net/repositorio/neuromarketing/index.html
https://stecine.azureedge.net/repositorio/neuromarketing/img/img13.png,136549,150298,https://stecine.azureedge.net/repositorio/neuromarketing/index.html
https://stecine.azureedge.net/repositorio/neuromarketing/img/img14.png,152698,168066,https://stecine.azureedge.net/repositorio/neuromarketing/index.html
https://stecine.azureedge.net/repositorio/neuromarketing/img/img15.png,118210,131095,https://stecine.azureedge.net/repositorio/neuromarketing/index.html
https://stecine.azureedge.net/repositorio/neuromarketing/img/img16.png,149888,162383,https://stecine.azureedge.net/repositorio/neuromarketing/index.html
https://stecine.azureedge.net/repositorio/neuromarketing/img/img17.png,147302,160903,https://stecine.azureedge.net/repositorio/neuromarketing/index.html
https://stecine.azureedge.net/repositorio/neuromarketing/img/img19.png,170803,189155,https://stecine.azureedge.net/repositorio/neuromarketing/index.html
https://stecine.azureedge.net/repositorio/neuromarketing/img/img18.png,200091,221497,https://stecine.azureedge.net/repositorio/neuromarketing/index.html
https://stecine.azureedge.net/repositorio/neuromarketing/img/img20.png,106591,110960,https://stecine.azureedge.net/repositorio/neuromarketing/index.html
https://stecine.azureedge.net/repositorio/neuromarketing/img/img21.png,111475,114072,https://stecine.azureedge.net/repositorio/neuromarketing/index.html
https://stecine.azureedge.net/repositorio/neuromarketing/img/img21.png,111475,114072,https://stecine.azureedge.net/repositorio/neuromarketing/index.html
https://stecine.azureedge.net/repositorio/neuromarketing/img/img22.png,95323,97690,https://stecine.azureedge.net/repositorio/neuromarketing/index.html
https://stecine.azureedge.net/repositorio/neuromarketing/img/img23.png,103882,108896,https://stecine.azureedge.net/repositorio/neuromarketing/index.html
https://stecine.azureedge.net/repositorio/neuromarketing/img/img23.png,103882,108896,https://stecine.azureedge.net/repositorio/neuromarketing/index.html
https://stecine.azureedge.net/repositorio/neuromarketing/img/img23.png,103882,108896,https://stecine.azureedge.net/repositorio/neuromarketing/index.html
https://stecine.azureedge.net/repositorio/neuromarketing/img/img23.png,103882,108896,https://stecine.azureedge.net/repositorio/neuromarketing/index.html
https://stecine.azureedge.net/repositorio/neuromarketing/img/img24.png,37264,14380,https://stecine.azureedge.net/repositorio/neuromarketing/index.html
https://stecine.azureedge.net/repositorio/neuromarketing/img/img25.png,38138,15585,https://stecine.azureedge.net/repositorio/neuromarketing/index.html
https://stecine.azureedge.net/repositorio/neuromarketing/img/img26.png,39007,14220,https://stecine.azureedge.net/repositorio/neuromarketing/index.html
https://stecine.azureedge.net/repositorio/neuromarketing/img/img27.png,35803,12885,https://stecine.azureedge.net/repositorio/neuromarketing/index.html
https://stecine.azureedge.net/repositorio/neuromarketing/img/img28.png,141152,154803,https://stecine.azureedge.net/repositorio/neuromarketing/index.html
https://stecine.azureedge.net/repositorio/neuromarketing/img/img29.png,175943,190939,https://stecine.azureedge.net/repositorio/neuromarketing/index.html
https://stecine.azureedge.net/repositorio/neuromarketing/img/img30.png,122613,135659,https://stecine.azureedge.net/repositorio/neuromarketing/index.html
https://stecine.azureedge.net/repositorio/neuromarketing/img/img31.png,120474,133110,https://stecine.azureedge.net/repositorio/neuromarketing/index.html
https://stecine.azureedge.net/repositorio/neuromarketing/img/img32.png,156749,171601,https://stecine.azureedge.net/repositorio/neuromarketing/index.html
https://stecine.azureedge.net/repositorio/neuromarketing/img/img33.png,124467,135969,https://stecine.azureedge.net/repositorio/neuromarketing/index.html
https://stecine.azureedge.net/repositorio/neuromarketing/img/img34.png,134548,146803,https://stecine.azureedge.net/repositorio/neuromarketing/index.html
https://stecine.azureedge.net/repositorio/neuromarketing/img/img35.png,114805,125240,https://stecine.azureedge.net/repositorio/neuromarketing/index.html
https://stecine.azureedge.net/repositorio/neuromarketing/img/img36.png,141023,153033,https://stecine.azureedge.net/repositorio/neuromarketing/index.html
https://stecine.azureedge.net/repositorio/neuromarketing/img/img37.png,149150,162434,https://stecine.azureedge.net/repositorio/neuromarketing/index.html
https://stecine.azureedge.net/repositorio/neuromarketing/img/img38.png,125130,137509,https://stecine.azureedge.net/repositorio/neuromarketing/index.html
https://stecine.azureedge.net/repositorio/neuromarketing/img/img39.png,118570,121375,https://stecine.azureedge.net/repositorio/neuromarketing/index.html
https://stecine.azureedge.net/repositorio/neuromarketing/img/img39.png,118570,121375,https://stecine.azureedge.net/repositorio/neuromarketing/index.html
https://stecine.azureedge.net/repositorio/neuromarketing/img/img39.png,118570,121375,https://stecine.azureedge.net/repositorio/neuromarketing/index.html
https://stecine.azureedge.net/repositorio/neuromarketing/img/img39.png,118570,121375,https://stecine.azureedge.net/repositorio/neuromarketing/index.html
https://stecine.azureedge.net/repositorio/neuromarketing/img/img40.png,159476,171951,https://stecine.azureedge.net/repositorio/neuromarketing/index.html
https://stecine.azureedge.net/repositorio/neuromarketing/img/img41.png,104400,115568,https://stecine.azureedge.net/repositorio/neuromarketing/index.html
https://stecine.azureedge.net/repositorio/neuromarketing/img/img42.png,109531,122227,https://stecine.azureedge.net/repositorio/neuromarketing/index.html
https://stecine.azureedge.net/repositorio/neuromarketing/img/img43.png,174241,188128,https://stecine.azureedge.net/repositorio/neuromarketing/index.html
https://stecine.azureedge.net/repositorio/neuromarketing/img/img44.png,137262,150391,https://stecine.azureedge.net/repositorio/neuromarketing/index.html
https://stecine.azureedge.net/repositorio/neuromarketing/img/img45.png,119207,129813,https://stecine.azureedge.net/repositorio/neuromarketing/index.html
https://stecine.azureedge.net/repositorio/neuromarketing/img/img46.png,214979,231511,https://stecine.azureedge.net/repositorio/neuromarketing/index.html
https://stecine.azureedge.net/repositorio/neuromarketing/img/img47.png,133667,148029,https://stecine.azureedge.net/repositorio/neuromarketing/index.html
https://stecine.azureedge.net/repositorio/neuromarketing/img/img48.png,172507,186074,https://stecine.azureedge.net/repositorio/neuromarketing/index.html
https://stecine.azureedge.net/repositorio/neuromarketing/img/img49.png,141532,153700,https://stecine.azureedge.net/repositorio/neuromarketing/index.html
https://stecine.azureedge.net/repositorio/neuromarketing/img/img50.png,164303,178555,https://stecine.azureedge.net/repositorio/neuromarketing/index.html
https://stecine.azureedge.net/repositorio/neuromarketing/img/ft_base.jpg,44700,26268,https://stecine.azureedge.net/repositorio/neuromarketing/index.html
https://stecine.azureedge.net/repositorio/neuromarketing/img/ft_base.jpg,44700,26268,https://stecine.azureedge.net/repositorio/neuromarketing/index.html
https://stecine.azureedge.net/repositorio/neuromarketing/img/ft_base.jpg,44700,26268,https://stecine.azureedge.net/repositorio/neuromarketing/index.html
https://stecine.azureedge.net/repositorio/neuromarketing/img/header/bg_header.jpg,215706,88491,https://stecine.azureedge.net/repositorio/neuromarketing/index.html
https://stecine.azureedge.net/repositorio/neuromarketing/img/header/capa_modulo.jpg,215706,88491,https://stecine.azureedge.net/repositorio/neuromarketing/index.html
https://stecine.azureedge.net/repositorio/neuromarketing/img/header/capa_modulo.jpg,215706,88491,https://stecine.azureedge.net/repositorio/neuromarketing/index.html
https://stecine.azureedge.net/repositorio/neuromarketing/img/header/capa_modulo.jpg,215706,88491,https://stecine.azureedge.net/repositorio/neuromarketing/index.html
https://stecine.azureedge.net/repositorio/neuromarketing/img/header/capa_modulo.jpg,215706,88491,https://stecine.azureedge.net/repositorio/neuromarketing/index.html
https://stecine.azureedge.net/repositorio/neuromarketing/img/header/capa_modulo.jpg,215706,88491,https://stecine.azureedge.net/repositorio/neuromarketing/index.html
https://stecine.azureedge.net/repositorio/neuromarketing/img/header/capa_modulo_mobile.jpg,35615,21459,https://stecine.azureedge.net/repositorio/neuromarketing/index.html
https://stecine.azureedge.net/repositorio/neuromarketing/img/header/capa_modulo_mobile.jpg,35615,21459,https://stecine.azureedge.net/repositorio/neuromarketing/index.html
https://stecine.azureedge.net/repositorio/neuromarketing/img/header/capa_modulo_mobile.jpg,35615,21459,https://stecine.azureedge.net/repositorio/neuromarketing/index.html
https://stecine.azureedge.net/repositorio/neuromarketing/img/header/capa_modulo_mobile.jpg,35615,21459,https://stecine.azureedge.net/repositorio/neuromarketing/index.html
https://stecine.azureedge.net/repositorio/neuromarketing/img/header/capa_modulo_mobile.jpg,35615,21459,https://stecine.azureedge.net/repositorio/neuromarketing/index.html
https://stecine.azureedge.net/repositorio/neuromarketing/img/header/capa_modulo_mobile.jpg,35615,21459,https://stecine.azureedge.net/repositorio/neuromarketing/index.html
https://stecine.azureedge.net/repositorio/neuromarketing/img/header/capa_modulo_mobile.jpg,35615,21459,https://stecine.azureedge.net/repositorio/neuromarketing/index.html
https://stecine.azureedge.net/repositorio/neuromarketing/img/header/capa_modulo_mobile.jpg,35615,21459,https://stecine.azureedge.net/repositorio/neuromarketing/index.html
https://stecine.azureedge.net/repositorio/neuromarketing/img/header/capa_modulo_mobile.jpg,35615,21459,https://stecine.azureedge.net/repositorio/neuromarketing/index.html
https://stecine.azureedge.net/repositorio/neuromarketing/img/header/capa_modulo_mobile.jpg,35615,21459,https://stecine.azureedge.net/repositorio/neuromarketing/index.html
https://stecine.azureedge.net/repositorio/neuromarketing/img/img2.png,168031,184029,https://stecine.azureedge.net/repositorio/neuromarketing/index.html
https://stecine.azureedge.net/repositorio/neuromarketing/img/img5.png,177259,194392,https://stecine.azureedge.net/repositorio/neuromarketing/index.html
https://stecine.azureedge.net/repositorio/neuromarketing/img/img34.png,134548,146803,https://stecine.azureedge.net/repositorio/neuromarketing/index.html
https://stecine.azureedge.net/repositorio/caracterizacao_dos_fungos/img/header/logo_tema.png,56953,20341,https://stecine.azureedge.net/repositorio/caracterizacao_dos_fungos/index.html
https://stecine.azureedge.net/repositorio/caracterizacao_dos_fungos/img/02.jpg,58564,42349,https://stecine.azureedge.net/repositorio/caracterizacao_dos_fungos/index.html
https://stecine.azureedge.net/repositorio/caracterizacao_dos_fungos/img/03.jpg,92539,95666,https://stecine.azureedge.net/repositorio/caracterizacao_dos_fungos/index.html
https://stecine.azureedge.net/repositorio/caracterizacao_dos_fungos/img/04.jpg,80179,68987,https://stecine.azureedge.net/repositorio/caracterizacao_dos_fungos/index.html
https://stecine.azureedge.net/repositorio/caracterizacao_dos_fungos/img/05.jpg,54072,41091,https://stecine.azureedge.net/repositorio/caracterizacao_dos_fungos/index.html
https://stecine.azureedge.net/repositorio/caracterizacao_dos_fungos/img/06.jpg,56904,57778,https://stecine.azureedge.net/repositorio/caracterizacao_dos_fungos/index.html
https://stecine.azureedge.net/repositorio/caracterizacao_dos_fungos/img/07.jpg,79712,76943,https://stecine.azureedge.net/repositorio/caracterizacao_dos_fungos/index.html
https://stecine.azureedge.net/repositorio/caracterizacao_dos_fungos/img/08.jpg,75378,79400,https://stecine.azureedge.net/repositorio/caracterizacao_dos_fungos/index.html
https://stecine.azureedge.net/repositorio/caracterizacao_dos_fungos/img/09.jpg,58780,55939,https://stecine.azureedge.net/repositorio/caracterizacao_dos_fungos/index.html
https://stecine.azureedge.net/repositorio/caracterizacao_dos_fungos/img/10.jpg,79390,83125,https://stecine.azureedge.net/repositorio/caracterizacao_dos_fungos/index.html
https://stecine.azureedge.net/repositorio/caracterizacao_dos_fungos/img/11.jpg,80544,54572,https://stecine.azureedge.net/repositorio/caracterizacao_dos_fungos/index.html
https://stecine.azureedge.net/repositorio/caracterizacao_dos_fungos/img/12.jpg,45391,35650,https://stecine.azureedge.net/repositorio/caracterizacao_dos_fungos/index.html
https://stecine.azureedge.net/repositorio/caracterizacao_dos_fungos/img/13.jpg,63243,45464,https://stecine.azureedge.net/repositorio/caracterizacao_dos_fungos/index.html
https://stecine.azureedge.net/repositorio/caracterizacao_dos_fungos/img/14.jpg,56877,59223,https://stecine.azureedge.net/repositorio/caracterizacao_dos_fungos/index.html
https://stecine.azureedge.net/repositorio/caracterizacao_dos_fungos/img/15.jpg,67614,56672,https://stecine.azureedge.net/repositorio/caracterizacao_dos_fungos/index.html
https://stecine.azureedge.net/repositorio/caracterizacao_dos_fungos/img/imagem_full.jpg,282166,284658,https://stecine.azureedge.net/repositorio/caracterizacao_dos_fungos/index.html
https://stecine.azureedge.net/repositorio/caracterizacao_dos_fungos/img/16.jpg,66155,68752,https://stecine.azureedge.net/repositorio/caracterizacao_dos_fungos/index.html
https://stecine.azureedge.net/repositorio/caracterizacao_dos_fungos/img/17.jpg,48278,40395,https://stecine.azureedge.net/repositorio/caracterizacao_dos_fungos/index.html
https://stecine.azureedge.net/repositorio/caracterizacao_dos_fungos/img/17.1.jpg,80359,59866,https://stecine.azureedge.net/repositorio/caracterizacao_dos_fungos/index.html
https://stecine.azureedge.net/repositorio/caracterizacao_dos_fungos/img/18.jpg,57887,43322,https://stecine.azureedge.net/repositorio/caracterizacao_dos_fungos/index.html
https://stecine.azureedge.net/repositorio/caracterizacao_dos_fungos/img/imagem_full01.jpg,227931,239157,https://stecine.azureedge.net/repositorio/caracterizacao_dos_fungos/index.html
https://stecine.azureedge.net/repositorio/caracterizacao_dos_fungos/img/19.jpg,66010,68438,https://stecine.azureedge.net/repositorio/caracterizacao_dos_fungos/index.html
https://stecine.azureedge.net/repositorio/caracterizacao_dos_fungos/img/20.jpg,34344,20369,https://stecine.azureedge.net/repositorio/caracterizacao_dos_fungos/index.html
https://stecine.azureedge.net/repositorio/caracterizacao_dos_fungos/img/21.jpg,66233,56065,https://stecine.azureedge.net/repositorio/caracterizacao_dos_fungos/index.html
https://stecine.azureedge.net/repositorio/caracterizacao_dos_fungos/img/22.jpg,71114,74366,https://stecine.azureedge.net/repositorio/caracterizacao_dos_fungos/index.html
https://stecine.azureedge.net/repositorio/caracterizacao_dos_fungos/img/23.jpg,76729,79600,https://stecine.azureedge.net/repositorio/caracterizacao_dos_fungos/index.html
https://stecine.azureedge.net/repositorio/caracterizacao_dos_fungos/img/24.jpg,75098,51115,https://stecine.azureedge.net/repositorio/caracterizacao_dos_fungos/index.html
https://stecine.azureedge.net/repositorio/caracterizacao_dos_fungos/img/25.jpg,98732,102157,https://stecine.azureedge.net/repositorio/caracterizacao_dos_fungos/index.html
https://stecine.azureedge.net/repositorio/caracterizacao_dos_fungos/img/26.jpg,64723,67973,https://stecine.azureedge.net/repositorio/caracterizacao_dos_fungos/index.html
https://stecine.azureedge.net/repositorio/caracterizacao_dos_fungos/img/27.jpg,77349,85407,https://stecine.azureedge.net/repositorio/caracterizacao_dos_fungos/index.html
https://stecine.azureedge.net/repositorio/caracterizacao_dos_fungos/img/28.jpg,70061,62357,https://stecine.azureedge.net/repositorio/caracterizacao_dos_fungos/index.html
https://stecine.azureedge.net/repositorio/caracterizacao_dos_fungos/img/29.jpg,52466,47255,https://stecine.azureedge.net/repositorio/caracterizacao_dos_fungos/index.html
https://stecine.azureedge.net/repositorio/caracterizacao_dos_fungos/img/30.jpg,90322,73176,https://stecine.azureedge.net/repositorio/caracterizacao_dos_fungos/index.html
https://stecine.azureedge.net/repositorio/caracterizacao_dos_fungos/img/31.jpg,77437,61398,https://stecine.azureedge.net/repositorio/caracterizacao_dos_fungos/index.html
https://stecine.azureedge.net/repositorio/caracterizacao_dos_fungos/img/32.jpg,51401,43387,https://stecine.azureedge.net/repositorio/caracterizacao_dos_fungos/index.html
https://stecine.azureedge.net/repositorio/caracterizacao_dos_fungos/img/33.jpg,59758,62197,https://stecine.azureedge.net/repositorio/caracterizacao_dos_fungos/index.html
https://stecine.azureedge.net/repositorio/caracterizacao_dos_fungos/img/34.jpg,47478,47874,https://stecine.azureedge.net/repositorio/caracterizacao_dos_fungos/index.html
https://stecine.azureedge.net/repositorio/caracterizacao_dos_fungos/img/35.jpg,76970,83035,https://stecine.azureedge.net/repositorio/caracterizacao_dos_fungos/index.html
https://stecine.azureedge.net/repositorio/caracterizacao_dos_fungos/img/36.jpg,81288,65152,https://stecine.azureedge.net/repositorio/caracterizacao_dos_fungos/index.html
https://stecine.azureedge.net/repositorio/caracterizacao_dos_fungos/img/37.jpg,68977,66853,https://stecine.azureedge.net/repositorio/caracterizacao_dos_fungos/index.html
https://stecine.azureedge.net/repositorio/caracterizacao_dos_fungos/img/38.jpg,87407,60968,https://stecine.azureedge.net/repositorio/caracterizacao_dos_fungos/index.html
https://stecine.azureedge.net/repositorio/caracterizacao_dos_fungos/img/39.jpg,79069,79875,https://stecine.azureedge.net/repositorio/caracterizacao_dos_fungos/index.html
https://stecine.azureedge.net/repositorio/caracterizacao_dos_fungos/img/40.jpg,76942,64206,https://stecine.azureedge.net/repositorio/caracterizacao_dos_fungos/index.html
https://stecine.azureedge.net/repositorio/caracterizacao_dos_fungos/img/41.jpg,79293,80108,https://stecine.azureedge.net/repositorio/caracterizacao_dos_fungos/index.html
https://stecine.azureedge.net/repositorio/caracterizacao_dos_fungos/img/42.jpg,65710,46823,https://stecine.azureedge.net/repositorio/caracterizacao_dos_fungos/index.html
https://stecine.azureedge.net/repositorio/caracterizacao_dos_fungos/img/43.jpg,78110,55749,https://stecine.azureedge.net/repositorio/caracterizacao_dos_fungos/index.html
https://stecine.azureedge.net/repositorio/caracterizacao_dos_fungos/img/44.jpg,49443,35011,https://stecine.azureedge.net/repositorio/caracterizacao_dos_fungos/index.html
https://stecine.azureedge.net/repositorio/caracterizacao_dos_fungos/img/45.jpg,70877,77499,https://stecine.azureedge.net/repositorio/caracterizacao_dos_fungos/index.html
https://stecine.azureedge.net/repositorio/caracterizacao_dos_fungos/img/46.jpg,52272,40953,https://stecine.azureedge.net/repositorio/caracterizacao_dos_fungos/index.html
https://stecine.azureedge.net/repositorio/caracterizacao_dos_fungos/img/47.jpg,44516,35501,https://stecine.azureedge.net/repositorio/caracterizacao_dos_fungos/index.html
https://stecine.azureedge.net/repositorio/caracterizacao_dos_fungos/img/48.jpg,58125,60255,https://stecine.azureedge.net/repositorio/caracterizacao_dos_fungos/index.html
https://stecine.azureedge.net/repositorio/caracterizacao_dos_fungos/img/49.jpg,97257,76004,https://stecine.azureedge.net/repositorio/caracterizacao_dos_fungos/index.html
https://stecine.azureedge.net/repositorio/caracterizacao_dos_fungos/img/imagem_full02.jpg,251471,284230,https://stecine.azureedge.net/repositorio/caracterizacao_dos_fungos/index.html
https://stecine.azureedge.net/repositorio/caracterizacao_dos_fungos/img/50.jpg,78009,85604,https://stecine.azureedge.net/repositorio/caracterizacao_dos_fungos/index.html
https://stecine.azureedge.net/repositorio/caracterizacao_dos_fungos/img/51.jpg,77582,83222,https://stecine.azureedge.net/repositorio/caracterizacao_dos_fungos/index.html
https://stecine.azureedge.net/repositorio/caracterizacao_dos_fungos/img/52.jpg,72429,60944,https://stecine.azureedge.net/repositorio/caracterizacao_dos_fungos/index.html
https://stecine.azureedge.net/repositorio/caracterizacao_dos_fungos/img/53.jpg,53563,55163,https://stecine.azureedge.net/repositorio/caracterizacao_dos_fungos/index.html
https://stecine.azureedge.net/repositorio/caracterizacao_dos_fungos/img/54.jpg,74296,62361,https://stecine.azureedge.net/repositorio/caracterizacao_dos_fungos/index.html
https://stecine.azureedge.net/repositorio/caracterizacao_dos_fungos/img/55.jpg,66738,66506,https://stecine.azureedge.net/repositorio/caracterizacao_dos_fungos/index.html
https://stecine.azureedge.net/repositorio/caracterizacao_dos_fungos/img/56.jpg,93670,77976,https://stecine.azureedge.net/repositorio/caracterizacao_dos_fungos/index.html
https://stecine.azureedge.net/repositorio/caracterizacao_dos_fungos/img/57.jpg,61492,63982,https://stecine.azureedge.net/repositorio/caracterizacao_dos_fungos/index.html
https://stecine.azureedge.net/repositorio/caracterizacao_dos_fungos/img/imagem_full03.jpg,298847,314849,https://stecine.azureedge.net/repositorio/caracterizacao_dos_fungos/index.html
https://stecine.azureedge.net/repositorio/caracterizacao_dos_fungos/img/58.jpg,77008,79898,https://stecine.azureedge.net/repositorio/caracterizacao_dos_fungos/index.html
https://stecine.azureedge.net/repositorio/caracterizacao_dos_fungos/img/59.jpg,71021,74049,https://stecine.azureedge.net/repositorio/caracterizacao_dos_fungos/index.html
https://stecine.azureedge.net/repositorio/caracterizacao_dos_fungos/img/60.jpg,92407,99220,https://stecine.azureedge.net/repositorio/caracterizacao_dos_fungos/index.html
https://stecine.azureedge.net/repositorio/caracterizacao_dos_fungos/img/61.jpg,80737,83922,https://stecine.azureedge.net/repositorio/caracterizacao_dos_fungos/index.html
https://stecine.azureedge.net/repositorio/caracterizacao_dos_fungos/img/62.jpg,76230,79713,https://stecine.azureedge.net/repositorio/caracterizacao_dos_fungos/index.html
https://stecine.azureedge.net/repositorio/caracterizacao_dos_fungos/img/63.jpg,76860,76920,https://stecine.azureedge.net/repositorio/caracterizacao_dos_fungos/index.html
https://stecine.azureedge.net/repositorio/caracterizacao_dos_fungos/img/64.jpg,71074,70293,https://stecine.azureedge.net/repositorio/caracterizacao_dos_fungos/index.html
https://stecine.azureedge.net/repositorio/caracterizacao_dos_fungos/img/65.jpg,75664,53977,https://stecine.azureedge.net/repositorio/caracterizacao_dos_fungos/index.html
https://stecine.azureedge.net/repositorio/caracterizacao_dos_fungos/img/66.jpg,66201,70051,https://stecine.azureedge.net/repositorio/caracterizacao_dos_fungos/index.html
https://stecine.azureedge.net/repositorio/caracterizacao_dos_fungos/img/67.jpg,77259,87083,https://stecine.azureedge.net/repositorio/caracterizacao_dos_fungos/index.html
https://stecine.azureedge.net/repositorio/caracterizacao_dos_fungos/img/68.jpg,77222,83151,https://stecine.azureedge.net/repositorio/caracterizacao_dos_fungos/index.html
https://stecine.azureedge.net/repositorio/caracterizacao_dos_fungos/img/69.jpg,61737,64575,https://stecine.azureedge.net/repositorio/caracterizacao_dos_fungos/index.html
https://stecine.azureedge.net/repositorio/caracterizacao_dos_fungos/img/70.jpg,73852,74014,https://stecine.azureedge.net/repositorio/caracterizacao_dos_fungos/index.html
https://stecine.azureedge.net/repositorio/caracterizacao_dos_fungos/img/71.jpg,76515,81325,https://stecine.azureedge.net/repositorio/caracterizacao_dos_fungos/index.html
https://stecine.azureedge.net/repositorio/caracterizacao_dos_fungos/img/72.jpg,77581,83925,https://stecine.azureedge.net/repositorio/caracterizacao_dos_fungos/index.html
https://stecine.azureedge.net/repositorio/caracterizacao_dos_fungos/img/73.jpg,63910,66431,https://stecine.azureedge.net/repositorio/caracterizacao_dos_fungos/index.html
https://stecine.azureedge.net/repositorio/caracterizacao_dos_fungos/img/73.1.jpg,57577,56740,https://stecine.azureedge.net/repositorio/caracterizacao_dos_fungos/index.html
https://stecine.azureedge.net/repositorio/caracterizacao_dos_fungos/img/73.2.jpg,77529,64873,https://stecine.azureedge.net/repositorio/caracterizacao_dos_fungos/index.html
https://stecine.azureedge.net/repositorio/caracterizacao_dos_fungos/img/73.3.jpg,63033,67334,https://stecine.azureedge.net/repositorio/caracterizacao_dos_fungos/index.html
https://stecine.azureedge.net/repositorio/caracterizacao_dos_fungos/img/74.jpg,37028,29704,https://stecine.azureedge.net/repositorio/caracterizacao_dos_fungos/index.html
https://stecine.azureedge.net/repositorio/caracterizacao_dos_fungos/img/75.jpg,63447,66221,https://stecine.azureedge.net/repositorio/caracterizacao_dos_fungos/index.html
https://stecine.azureedge.net/repositorio/caracterizacao_dos_fungos/img/76.jpg,55309,57599,https://stecine.azureedge.net/repositorio/caracterizacao_dos_fungos/index.html
https://stecine.azureedge.net/repositorio/caracterizacao_dos_fungos/img/77.jpg,64497,67441,https://stecine.azureedge.net/repositorio/caracterizacao_dos_fungos/index.html
https://stecine.azureedge.net/repositorio/caracterizacao_dos_fungos/img/78.jpg,64595,67674,https://stecine.azureedge.net/repositorio/caracterizacao_dos_fungos/index.html
https://stecine.azureedge.net/repositorio/caracterizacao_dos_fungos/img/79.jpg,69103,50633,https://stecine.azureedge.net/repositorio/caracterizacao_dos_fungos/index.html
https://stecine.azureedge.net/repositorio/caracterizacao_dos_fungos/img/imagem_full05.jpg,246240,243307,https://stecine.azureedge.net/repositorio/caracterizacao_dos_fungos/index.html
https://stecine.azureedge.net/repositorio/caracterizacao_dos_fungos/img/80.jpg,63163,41607,https://stecine.azureedge.net/repositorio/caracterizacao_dos_fungos/index.html
https://stecine.azureedge.net/repositorio/caracterizacao_dos_fungos/img/81.jpg,69366,44726,https://stecine.azureedge.net/repositorio/caracterizacao_dos_fungos/index.html
https://stecine.azureedge.net/repositorio/caracterizacao_dos_fungos/img/82.jpg,74016,53336,https://stecine.azureedge.net/repositorio/caracterizacao_dos_fungos/index.html
https://stecine.azureedge.net/repositorio/caracterizacao_dos_fungos/img/83.jpg,77273,43283,https://stecine.azureedge.net/repositorio/caracterizacao_dos_fungos/index.html
https://stecine.azureedge.net/repositorio/caracterizacao_dos_fungos/img/84.jpg,78497,37703,https://stecine.azureedge.net/repositorio/caracterizacao_dos_fungos/index.html
https://stecine.azureedge.net/repositorio/caracterizacao_dos_fungos/img/86.jpg,79519,81803,https://stecine.azureedge.net/repositorio/caracterizacao_dos_fungos/index.html
https://stecine.azureedge.net/repositorio/caracterizacao_dos_fungos/img/87.jpg,52800,33947,https://stecine.azureedge.net/repositorio/caracterizacao_dos_fungos/index.html
https://stecine.azureedge.net/repositorio/caracterizacao_dos_fungos/img/88.jpg,48808,39639,https://stecine.azureedge.net/repositorio/caracterizacao_dos_fungos/index.html
https://stecine.azureedge.net/repositorio/caracterizacao_dos_fungos/img/89.jpg,56404,33372,https://stecine.azureedge.net/repositorio/caracterizacao_dos_fungos/index.html
https://stecine.azureedge.net/repositorio/caracterizacao_dos_fungos/img/90.jpg,114106,93886,https://stecine.azureedge.net/repositorio/caracterizacao_dos_fungos/index.html
https://stecine.azureedge.net/repositorio/caracterizacao_dos_fungos/img/91.jpg,57659,59650,https://stecine.azureedge.net/repositorio/caracterizacao_dos_fungos/index.html
https://stecine.azureedge.net/repositorio/caracterizacao_dos_fungos/img/92.jpg,86163,78469,https://stecine.azureedge.net/repositorio/caracterizacao_dos_fungos/index.html
https://stecine.azureedge.net/repositorio/caracterizacao_dos_fungos/img/93.jpg,75140,83154,https://stecine.azureedge.net/repositorio/caracterizacao_dos_fungos/index.html
https://stecine.azureedge.net/repositorio/caracterizacao_dos_fungos/img/94.jpg,71224,72069,https://stecine.azureedge.net/repositorio/caracterizacao_dos_fungos/index.html
https://stecine.azureedge.net/repositorio/caracterizacao_dos_fungos/img/95.jpg,82558,83093,https://stecine.azureedge.net/repositorio/caracterizacao_dos_fungos/index.html
https://stecine.azureedge.net/repositorio/caracterizacao_dos_fungos/img/96.jpg,71967,74794,https://stecine.azureedge.net/repositorio/caracterizacao_dos_fungos/index.html
https://stecine.azureedge.net/repositorio/caracterizacao_dos_fungos/img/97.jpg,61728,63884,https://stecine.azureedge.net/repositorio/caracterizacao_dos_fungos/index.html
https://stecine.azureedge.net/repositorio/caracterizacao_dos_fungos/img/98.jpg,53205,52478,https://stecine.azureedge.net/repositorio/caracterizacao_dos_fungos/index.html
https://stecine.azureedge.net/repositorio/caracterizacao_dos_fungos/img/99.jpg,70810,68688,https://stecine.azureedge.net/repositorio/caracterizacao_dos_fungos/index.html
https://stecine.azureedge.net/repositorio/caracterizacao_dos_fungos/img/100.jpg,75311,85259,https://stecine.azureedge.net/repositorio/caracterizacao_dos_fungos/index.html
https://stecine.azureedge.net/repositorio/caracterizacao_dos_fungos/img/101.jpg,62330,64952,https://stecine.azureedge.net/repositorio/caracterizacao_dos_fungos/index.html
https://stecine.azureedge.net/repositorio/caracterizacao_dos_fungos/img/102.jpg,61029,63175,https://stecine.azureedge.net/repositorio/caracterizacao_dos_fungos/index.html
https://stecine.azureedge.net/repositorio/caracterizacao_dos_fungos/img/103.jpg,60592,62507,https://stecine.azureedge.net/repositorio/caracterizacao_dos_fungos/index.html
https://stecine.azureedge.net/repositorio/caracterizacao_dos_fungos/img/header/bg_header.jpg,204747,82151,https://stecine.azureedge.net/repositorio/caracterizacao_dos_fungos/index.html
https://stecine.azureedge.net/repositorio/caracterizacao_dos_fungos/img/header/capa_modulo.jpg,215706,88491,https://stecine.azureedge.net/repositorio/caracterizacao_dos_fungos/index.html
https://stecine.azureedge.net/repositorio/caracterizacao_dos_fungos/img/header/capa_modulo.jpg,215706,88491,https://stecine.azureedge.net/repositorio/caracterizacao_dos_fungos/index.html
https://stecine.azureedge.net/repositorio/caracterizacao_dos_fungos/img/header/capa_modulo.jpg,215706,88491,https://stecine.azureedge.net/repositorio/caracterizacao_dos_fungos/index.html
https://stecine.azureedge.net/repositorio/caracterizacao_dos_fungos/img/header/capa_modulo.jpg,215706,88491,https://stecine.azureedge.net/repositorio/caracterizacao_dos_fungos/index.html
https://stecine.azureedge.net/repositorio/caracterizacao_dos_fungos/img/header/capa_modulo.jpg,215706,88491,https://stecine.azureedge.net/repositorio/caracterizacao_dos_fungos/index.html
https://stecine.azureedge.net/repositorio/caracterizacao_dos_fungos/img/header/capa_modulo_mobile.jpg,35615,21459,https://stecine.azureedge.net/repositorio/caracterizacao_dos_fungos/index.html
https://stecine.azureedge.net/repositorio/caracterizacao_dos_fungos/img/header/capa_modulo_mobile.jpg,35615,21459,https://stecine.azureedge.net/repositorio/caracterizacao_dos_fungos/index.html
https://stecine.azureedge.net/repositorio/caracterizacao_dos_fungos/img/header/capa_modulo_mobile.jpg,35615,21459,https://stecine.azureedge.net/repositorio/caracterizacao_dos_fungos/index.html
https://stecine.azureedge.net/repositorio/caracterizacao_dos_fungos/img/header/capa_modulo_mobile.jpg,35615,21459,https://stecine.azureedge.net/repositorio/caracterizacao_dos_fungos/index.html
https://stecine.azureedge.net/repositorio/caracterizacao_dos_fungos/img/header/capa_modulo_mobile.jpg,35615,21459,https://stecine.azureedge.net/repositorio/caracterizacao_dos_fungos/index.html
https://stecine.azureedge.net/repositorio/caracterizacao_dos_fungos/img/header/capa_modulo_mobile.jpg,35615,21459,https://stecine.azureedge.net/repositorio/caracterizacao_dos_fungos/index.html
https://stecine.azureedge.net/repositorio/caracterizacao_dos_fungos/img/header/capa_modulo_mobile.jpg,35615,21459,https://stecine.azureedge.net/repositorio/caracterizacao_dos_fungos/index.html
https://stecine.azureedge.net/repositorio/caracterizacao_dos_fungos/img/header/capa_modulo_mobile.jpg,35615,21459,https://stecine.azureedge.net/repositorio/caracterizacao_dos_fungos/index.html
https://stecine.azureedge.net/repositorio/caracterizacao_dos_fungos/img/header/capa_modulo_mobile.jpg,35615,21459,https://stecine.azureedge.net/repositorio/caracterizacao_dos_fungos/index.html
https://stecine.azureedge.net/repositorio/caracterizacao_dos_fungos/img/header/capa_modulo_mobile.jpg,35615,21459,https://stecine.azureedge.net/repositorio/caracterizacao_dos_fungos/index.html
https://stecine.azureedge.net/repositorio/caracterizacao_dos_fungos/img/imagem_full_mobile.jpg,112244,49151,https://stecine.azureedge.net/repositorio/caracterizacao_dos_fungos/index.html
https://stecine.azureedge.net/repositorio/caracterizacao_dos_fungos/img/imagem_full.jpg,282166,284658,https://stecine.azureedge.net/repositorio/caracterizacao_dos_fungos/index.html
https://stecine.azureedge.net/repositorio/caracterizacao_dos_fungos/img/imagem_full01_mobile.jpg,102159,33516,https://stecine.azureedge.net/repositorio/caracterizacao_dos_fungos/index.html
https://stecine.azureedge.net/repositorio/caracterizacao_dos_fungos/img/imagem_full01.jpg,227931,239157,https://stecine.azureedge.net/repositorio/caracterizacao_dos_fungos/index.html
https://stecine.azureedge.net/repositorio/caracterizacao_dos_fungos/img/imagem_full02_mobile.jpg,130167,71551,https://stecine.azureedge.net/repositorio/caracterizacao_dos_fungos/index.html
https://stecine.azureedge.net/repositorio/caracterizacao_dos_fungos/img/imagem_full02.jpg,251471,284230,https://stecine.azureedge.net/repositorio/caracterizacao_dos_fungos/index.html
https://stecine.azureedge.net/repositorio/caracterizacao_dos_fungos/img/imagem_full03_mobile.jpg,142217,87766,https://stecine.azureedge.net/repositorio/caracterizacao_dos_fungos/index.html
https://stecine.azureedge.net/repositorio/caracterizacao_dos_fungos/img/imagem_full03.jpg,298847,314849,https://stecine.azureedge.net/repositorio/caracterizacao_dos_fungos/index.html
https://stecine.azureedge.net/repositorio/caracterizacao_dos_fungos/img/imagem_full05_mobile.jpg,104266,33648,https://stecine.azureedge.net/repositorio/caracterizacao_dos_fungos/index.html
https://stecine.azureedge.net/repositorio/caracterizacao_dos_fungos/img/imagem_full05.jpg,246240,243307,https://stecine.azureedge.net/repositorio/caracterizacao_dos_fungos/index.html
